title,source,published_at,description,url
Bangladesh Army Chief visits Turkiye amid growing Ankara-Islamabad-Dhaka defence nexus,The Times of India,2026-07-20T18:26:22Z,"Bangladesh Army chief General Waker-Uz-Zaman is visiting Turkiye to enhance military training partnerships. He is exploring local military hardware, including artillery systems and drones. This visit follows Turkish foreign minister Hakan Fidan's recent trip …",https://economictimes.indiatimes.com/news/international/world-news/bangladesh-army-chief-visits-turkiye-amid-growing-ankara-islamabad-dhaka-defence-nexus/articleshow/132522399.cms
"Indus Waters Treaty needs complete renegotiation, says government; blames Pakistan for stonewalling talks",The Times of India,2026-07-20T18:23:36Z,India states the Indus Waters Treaty needs renegotiation due to Pakistan's inaction. Pakistan has failed to utilize its water share and manage it effectively. India does not recognize the Court of Arbitration or its recent awards. Pakistan has made a mockery …,https://economictimes.indiatimes.com/news/india/indus-waters-treaty-needs-complete-renegotiation-says-government-blames-pakistan-for-stonewalling-talks/articleshow/132522397.cms
"Indus Water Treaty in present form no longer exists, Pak aiding terrorism: India",The Times of India,2026-07-20T17:53:57Z,"India News: The Indus Waters Treaty (IWT) with Pakistan will no longer function in its present form, the government has concluded hardening its position on the co.",https://timesofindia.indiatimes.com/india/indus-water-treaty-in-present-form-no-longer-exists-pak-aiding-terrorism-india/articleshow/132521793.cms
Trump to attend transfer ceremony for US soldiers killed in Iran strikes,Crypto Briefing,2026-07-20T17:52:23Z,"Trump to attend ceremony for soldiers killed in Iran strikes. US invasion of Iran before 2027 at 26.5% YES.
The post Trump to attend transfer ceremony for US soldiers killed in Iran strikes appeared first on Crypto Briefing.",https://cryptobriefing.com/trump-to-attend-transfer-ceremony-for-us-soldiers-killed-in-iran-strikes/
Trump Vows Iran ‘Will Pay’ for US Deaths as Mediators Push Truce,Financial Post,2026-07-20T17:48:21Z,"President Donald Trump vowed that Iran “will pay” for killing three US soldiers in recent days, even as mediators proposed a new truce as the Middle East war widens further.",https://financialpost.com/pmn/business-pmn/trump-vows-iran-will-pay-for-us-deaths-as-mediators-push-truce
US prepares next phase of military campaign against Iran: i24 News,Crypto Briefing,2026-07-20T17:38:18Z,"US prepares for the next phase of military action against Iran. Iran Reconstruction Funding in a US-Iran deal in 2026 at 26.5% YES.
The post US prepares next phase of military campaign against Iran: i24 News appeared first on Crypto Briefing.",https://cryptobriefing.com/us-prepares-next-phase-of-military-campaign-against-iran-i24-news/
China’s New AI Club: The World Artificial Intelligence Cooperation Organization,The Diplomat,2026-07-20T17:24:00Z,Global tech governance is taking an institutional turn as a bloc-based system continues to solidify.,https://thediplomat.com/2026/07/chinas-new-ai-club-the-world-artificial-intelligence-cooperation-organization/
Strengthening Indonesia's role in global AI governance,Antaranews.com,2026-07-20T17:09:37Z,"Indonesia has joined 28 other countries as a founding member of the World Artificial Intelligence Cooperation Organization (WAICO), positioning itself to ...",https://en.antaranews.com/news/423433/strengthening-indonesias-role-in-global-ai-governance
Trump warns Iran of severe retaliation for attacks on US soldiers,Crypto Briefing,2026-07-20T16:52:05Z,"Trump warns of severe retaliation against Iran for attacks on US soldiers. US-Iran deal with reconstruction funding in 2026 at 26.5% YES.
The post Trump warns Iran of severe retaliation for attacks on US soldiers appeared first on Crypto Briefing.",https://cryptobriefing.com/trump-warns-iran-of-severe-retaliation-for-attacks-on-us-soldiers/
"With New AI Governance Organization, China Seeks to Formalize Its Global AI Influence",The Diplomat,2026-07-20T16:30:00Z,The World Artificial Intelligence Cooperation Organization may prove to be China's most ambitious effort yet to shape the future deployment and governance of AI.,https://thediplomat.com/2026/07/with-new-ai-governance-organization-china-seeks-to-formalize-its-global-ai-influence/
Are England finally improving in ODI cricket?,BBC News,2026-07-20T16:17:49Z,"After beating India 2-1, BBC Sport asks if England are finally building momentum one year out from the World Cup.",https://www.bbc.com/sport/cricket/articles/cq5626gq3gdo?xtor=AL-72-%5Bpartner%5D-%5Byahoo.north.america%5D-%5Bheadline%5D-%5Bsport%5D-%5Bbizdev%5D-%5Bisapi%5D
Expansion of US strikes on Iran leads to more retaliation across the Gulf,The Times of India,2026-07-20T15:51:57Z,"The United States launched another round of airstrikes on Iran after a US service member was killed in Iraq, while Iran retaliated with attacks on US allies Kuwait and Bahrain, home to the US Navy’s 5th Fleet. The escalation has raised fears of a wider region…",https://economictimes.indiatimes.com/news/defence/expansion-of-us-strikes-on-iran-leads-to-more-retaliation-across-the-gulf/articleshow/132519256.cms
"How global energy production is changing, in 6 charts",Pew Research Center,2026-07-20T15:50:16Z,"Fossil fuels still dominate global electricity, but wind and solar are surging. In 2025, renewables outpaced coal worldwide for the first time, supplying 34% of electricity.",https://www.pewresearch.org/short-reads/2026/07/20/how-global-energy-production-is-changing-in-6-charts/
"Jailed stepmother of murdered Sara Sharif, 10, asks for jury inquest amid racism claims - as coroner tells her there will be no retrial, adding: 'You understand that, don't you?'",Dailymail.com,2026-07-20T15:32:09Z,Beinash Batool was jailed for life following the discovery of the schoolgirl's body in a house in Woking on August 10 2023.,https://www.dailymail.com/news/article-15990997/jailed-stepmother-murdered-Sara-Sharif-10-jury-inquest-judge-rejects-racism.html
"Mediators propose 10-day ceasefire to revive Iran-US deal, and crypto markets are paying attention",Crypto Briefing,2026-07-20T15:30:51Z,"Pakistan and Qatar propose a 10-day ceasefire to revive the Iran-US interim deal. Here's why crypto markets, especially Bitcoin, should care about the
The post Mediators propose 10-day ceasefire to revive Iran-US deal, and crypto markets are paying attention …",https://cryptobriefing.com/mediators-propose-ceasefire-iran-us-deal-crypto/
US and Iran escalate military strikes in Strait of Hormuz amid 2026 conflict,Crypto Briefing,2026-07-20T15:29:29Z,"US and Iran escalate military strikes in the Strait of Hormuz. US invasion of Iran before 2027 at 26.5% YES.
The post US and Iran escalate military strikes in Strait of Hormuz amid 2026 conflict appeared first on Crypto Briefing.",https://cryptobriefing.com/us-and-iran-escalate-military-strikes-in-strait-of-hormuz-amid-2026-conflict/
Trump admin fast-tracks deportations of fraudsters and pervy priests in ‘largest denaturalization effort ever’,New York Post,2026-07-20T15:27:52Z,"The Trump administration is ramping up an effort to deport criminal illegal aliens and will be announcing denaturalization actions against 10 of them on Monday — including a fraudster who bilked taxpayers out of nearly $1 million in Medicare funding, The Post…",https://nypost.com/2026/07/20/us-news/trump-admin-fast-tracks-deportations-of-fraudsters-and-abusive-priests-in-largest-denaturalization-effort-ever/
Energy Shock in Pakistan: The Price of Geopolitics,Sputnikglobe.com,2026-07-20T15:15:54Z,"The renewed disruption around the Strait of Hormuz has raised risk premiums across global LNG spot markets, reflecting geopolitical uncertainty, rather than a fundamental gas shortage, notes Dr. Khaqan Najeeb.",https://sputnikglobe.com/20260720/energy-shock-in-pakistan-the-price-of-geopolitics-1124469752.html
Pakistan can hit an oil jackpot amid a widening US-Iran war,The Times of India,2026-07-20T14:58:26Z,Gulf states are seeking military partnerships with Pakistan amid regional tensions.  Pakistan could gain oil and investment while deepening ties with Arab nations.  This strategic shift complicates Pakistan's role as a mediator with Iran.  The country faces c…,https://economictimes.indiatimes.com/news/international/global-trends/pakistan-can-hit-an-oil-jackpot-amid-a-widening-us-iran-war/articleshow/132518320.cms
"Yemen’s Houthis declare naval blockade on Saudi Arabia, widening threat to global oil supplies",New York Post,2026-07-20T14:29:10Z,Iran had pressed the Houthis to close the Bab el-Mandeb gateway to the Red Sea if the US continued to attack Iranian power infrastructure.,https://nypost.com/2026/07/20/world-news/yemens-houthis-declare-naval-blockade-on-saudi-arabia-widening-threat-to-global-oil-supplies/
A feature-efficient dual-task machine learning framework for predicting bone mineral density and osteoporosis stratification in resource-constrained environments,Plos.org,2026-07-20T14:00:00Z,"Osteoporosis is a chronic skeletal disorder characterized by progressive bone mineral density (BMD) loss and structural deterioration, significantly increasing fracture risk. Despite its high prevalence, early detection remains challenging due to its asymptom…",https://journals.plos.org/plosone/article?id=10.1371/journal.pone.0354038
Multi-characterization-assisted construction of the molecular structure of high-volatile bituminous coal,Plos.org,2026-07-20T14:00:00Z,"Elucidating coal molecular structures is critical for studying its structure–property relationships and advancing efficient coal resource utilization. In this study, a bituminous coal (JSM_C) was selected from the coal-rich Inner Mongolia region of China as t…",https://journals.plos.org/plosone/article?id=10.1371/journal.pone.0354266
Academic and psychological determinants of mental stress among medical students in Dhaka: A multinomial logistic regression approach,Plos.org,2026-07-20T14:00:00Z,"As stress among medical students is a global health concern due to comprehensive academic engagements, this study aimed to assess the educational and psychological factors related to mental stress among medical students in Dhaka city. A descriptive type of cr…",https://journals.plos.org/plosone/article?id=10.1371/journal.pone.0354261
Brucella outer membrane protein 16 induces trophoblast pyroptosis via rewiring IL-6 trans-signaling and caspase-3/GSDME axis,Plos.org,2026-07-20T14:00:00Z,"Author summary Brucellosis is an infectious disease that can be transmitted from animals to humans and is an important cause of reproductive problems in livestock and, in some cases, pregnancy complications in humans. However, it is still not fully clear how …",https://journals.plos.org/plosntds/article?id=10.1371/journal.pntd.0014510
Perinatal mental health among South Asian immigrant women in Canada: A scoping review protocol,Plos.org,2026-07-20T14:00:00Z,"Perinatal mental health concerns are common and may be heightened among immigrant populations because of migration-related stressors, social isolation, stigma, language barriers, and limited access to culturally safe care. Although previous reviews have exami…",https://journals.plos.org/plosone/article?id=10.1371/journal.pone.0354152
"Houthis impose Saudi naval blockade, opening new front in US-Iran war",Yahoo Entertainment,2026-07-20T13:52:32Z,"DUBAI/RIYADH, July 20 (Reuters) - Yemen's Iran-aligned Houthis said on Monday they were imposing a naval blockade on Saudi Arabia, a move that opens a new fr...",https://uk.news.yahoo.com/us-launches-iran-strikes-ninth-015151599.html
"Taiwan bans tourist visas for 16 countries, including Sri Lanka.",Gossiplankanews.com,2026-07-20T13:30:11Z,Taiwan has taken steps to immediately suspend the acceptance of tourist visa applications for Sri Lankans. This decision has been made in accordance with the latest visa regulations issued by the Bureau of Consular Affairs of Taiwan's Ministry of Foreign Affa…,https://english.gossiplankanews.com/2026/07/taiwan-bans-tourist-visas-for-16.html
The $11 million mummy that turned out to be a fake,Boing Boing,2026-07-20T13:30:00Z,"In October 2000, a stunning discovery hit the antiquities market in Pakistan: a mummy in a gilded coffin, wearing a golden crown, with a cuneiform inscription identifying her as Rhodugune, a daughter of the Persian king Xerxes. Experts dated the Persian Princ…",https://boingboing.net/2026/07/20/persian-princess.html
North American Trade Pact Review Unsettles Fashion Sourcing Plans,Vogue,2026-07-20T13:10:36Z,Uncertainty over the future of the US-Mexico-Canada Agreement is making it harder to diversify away from China.,https://www.vogue.com/article/north-american-trade-pact-review-unsettles-fashion-sourcing-plans
"Since Islamabad MoU: What’s changed for the US, Iran and the Gulf?",Al Jazeera English,2026-07-20T13:06:32Z,We explain how the war has changed for all the parties since their MoU unravelled and as the conflict has escalated.,https://www.aljazeera.com/features/2026/7/20/since-islamabad-mou-whats-changed-for-the-us-iran-and-the-gulf
Yemen's Houthis say they will impose naval blockade against Saudi Arabia - Reuters,Slashdot.org,2026-07-20T12:52:51Z,Yemen's Houthis say they will impose naval blockade against Saudi ArabiaReuters Pakistan worries about being drawn into US-Iran conflict after Houthis attack Saudi ArabiaReuters Houthis declare naval blockade on Saudi ArabiaThe Jerusalem Post Yemen at risk of…,https://slashdot.org/firehose.pl?op=view&amp;id=184521698
How hot does it get in the desert? A climate scientist explains its blazing heat,The Conversation Africa,2026-07-20T12:25:57Z,Death Valley set a record when the temperature reached 134 degrees Fahrenheit. Here’s why deserts can reach such scorching temperatures – and also very cold ones.,https://theconversation.com/how-hot-does-it-get-in-the-desert-a-climate-scientist-explains-its-blazing-heat-284498
Mediators said to propose reset in US-Iran relations,Biztoc.com,2026-07-20T12:13:47Z,"Mediators from Pakistan and Qatar issued a joint proposal on Monday to resolve the renewed conflict between the United States and Iran, Iran's ISNA reported. The proposal would see the two countries r...",https://biztoc.com/x/541bcaf163913f49
Pakistan seeks Canada's support for restoration of Indus Waters Treaty,The Times of India,2026-07-20T12:09:38Z,Pakistan's Deputy Prime Minister Ishaq Dar requested Canadian assistance for the Indus Water Treaty.  He urged Canada to support India's immediate restoration of the treaty agreement.  Dar stated India added a new dynamic to the volatile security situation.  …,https://economictimes.indiatimes.com/news/international/world-news/pakistan-seeks-canadas-support-for-restoration-of-indus-waters-treaty/articleshow/132515244.cms
Pakistan-Canada Joint Statement: Strengthening Bilateral and Trade Relations,Globalsecurity.org,2026-07-20T12:00:00Z,"At the invitation of Deputy Prime Minister /Minister of Foreign Affairs of the Islamic Republic of Pakistan, Senator Mohammad Ishaq Dar, the Honourable Anita Anand, Minister for Foreign Affairs of Canada paid an official visit to the Islamic Republic of Pakis…",https://www.globalsecurity.org/wmd/library/news/pakistan/2026/pakistan-260720-pakistan-mfa01.htm
Azerbaijan Army servicemen participate in exercise in Jordan,Globalsecurity.org,2026-07-20T12:00:00Z,"Special Forces of the Azerbaijan Army are participating in the joint military exercise ""Zulfiqar"" on counterterrorism and special operations held in the Hashemite Kingdom of Jordan, the Ministry of Defense told AZERTAC.",https://www.globalsecurity.org/military/library/news/2026/07/mil-260720-azertac01.htm
Canada-Pakistan Joint Statement: Strengthening bilateral and trade relations,Globalsecurity.org,2026-07-20T12:00:00Z,"Today, Honourable Anita Anand, Minister of Foreign Affairs, and Pakistan's Deputy Prime Minister/Foreign Minister Mohammad Ishaq Dar issued this joint statement:",https://www.globalsecurity.org/wmd/library/news/canada/2026/canada-260720-canada02.htm
Minister Anand advances Canada's bilateral relations with Pakistan,Globalsecurity.org,2026-07-20T12:00:00Z,"The Honourable Anita Anand, Minister of Foreign Affairs, concluded a successful visit to Pakistan to deepen the bilateral relationship and strengthen trade and investment between Canada and Pakistan.",https://www.globalsecurity.org/wmd/library/news/canada/2026/canada-260720-canada01.htm
"Security Council Assesses Road to Elections, Stability in Haiti amid Persistent Gang Violence",Globalsecurity.org,2026-07-20T12:00:00Z,"Awash in gang violence, scarred by past foreign interventions and long paralysed politically, Haiti now stands at a crossroads between a return to order and tipping into total chaos, the Security Council heard today, as a range of senior United Nations offici…",https://www.globalsecurity.org/military/library/news/2026/07/mil-260720-unsc01.htm
Monday: Hili dialogue,Whyevolutionistrue.com,2026-07-20T11:45:01Z,"Welcome to another damn week as we move one day closer to The Big Nap. It’s Monday, July 20, 2026, and Spain is the World Cup champsion. Argentina disgraced itself not only with a lackluster performance, taking almost no shots on goal despite 30 minutes of ex…",https://whyevolutionistrue.com/2026/07/20/monday-hili-dialogue-578/
"Iran-US ceasefire proposal puts Strait of Hormuz oil flows back in focus, and crypto markets are watching the ripple effects",Crypto Briefing,2026-07-20T11:36:57Z,"Mediators propose a 10-day cessation of strikes to revive the Iran-US interim deal, with potential ripple effects on oil prices and crypto markets.
The post Iran-US ceasefire proposal puts Strait of Hormuz oil flows back in focus, and crypto markets are watch…",https://cryptobriefing.com/iran-us-ceasefire-proposal-crypto-market-impact/
POLL OF THE DAY: Will Andy Burnham govern in the interests of the UK as a whole?,Dailymail.com,2026-07-20T11:02:28Z,"Andy Burnham is becoming Prime Minister today following an extraordinary coup against Sir Keir Starmer, just two years after Labour's election landslide.",https://www.dailymail.com/news/article-15989975/Poll-Andy-Burnham-govern-interests-UK-whole.html
Iran confirms receiving de-escalation proposals amid US tensions,Crypto Briefing,2026-07-20T10:30:56Z,"Iran confirms receipt of de-escalation proposals amid US tensions. Iran Reconstruction Funding in a US-Iran deal by 2026 at 26.5% YES.
The post Iran confirms receiving de-escalation proposals amid US tensions appeared first on Crypto Briefing.",https://cryptobriefing.com/iran-confirms-receiving-de-escalation-proposals-amid-us-tensions/
Iran War: Brief US Pause Followed by Renewed Strikes as Iran Intensifies Attacks on Bases and Kuwait Desalination; Continued Speculation About US Operation,Nakedcapitalism.com,2026-07-20T10:07:10Z,"Today's Iran war news; The US looks to be gearing up for Something Stupid, as if the mere continuation of the war didn't suffice.",https://www.nakedcapitalism.com/2026/07/iran-war-brief-us-pause-followed-by-renewed-strikes-as-iran-intensifies-attacks-on-bases-and-kuwait-desalination-continued-speculation-about-us-operation.html
Everything to know about the 2026 U.S. Junior Amateur at Saucon Valley,USA Today,2026-07-20T10:05:15Z,Here's everything you need to know for the 2026 U.S. Junior Amateur at Saucon Valley.,https://golfweek.usatoday.com/story/sports/golf/amateur/2026/07/20/us-junior-amateur-2026-field-tv-course-information/90972728007/
Iranian interior minister said to arrive in Pakistan,Biztoc.com,2026-07-20T08:55:52Z,"Iranian Interior Minister Eskandar Momeni (pictured) arrived in Islamabad on Monday, Al Arabiya reported. He is expected to meet with Pakistani Prime Minister Shehbaz Sharif and Chief of Defence Force...",https://biztoc.com/x/a2489b379e28c07b
A metro line in Pakistan is transforming the lives of the women who ride it,NPR,2026-07-20T08:42:24Z,A metro line in Pakistan's second-largest city has transformed a city and the lives of the women who ride it.,https://www.npr.org/2026/07/20/nx-s1-5883101/a-metro-line-in-pakistan-is-transforming-the-lives-of-the-women-who-ride-it
"“When she turns eight, they will take her”: Children sold as brides to repay family debts in Afghanistan",Protothema.gr,2026-07-20T08:21:16Z,"Shocking testimonies reveal the extent of child marriages under the Taliban - Underage mothers and girls “promised” as brides from infancy
The post “When she turns eight, they will take her”: Children sold as brides to repay family debts in Afghanistan appear…",https://en.protothema.gr/2026/07/20/when-she-turns-eight-they-will-take-her-children-sold-as-brides-to-repay-family-debts-in-afghanistan/
US Bombs Iran for Ninth Day as Standoff Over Hormuz Deepens,Financial Post,2026-07-20T08:21:02Z,"The US conducted a ninth straight day of airstrikes on Iran, trying to force the Islamic Republic to stop shipping attacks and reopen the Strait of Hormuz.",https://financialpost.com/pmn/business-pmn/us-bombs-iran-for-ninth-day-as-standoff-over-hormuz-deepens
WI Select XI vs PAK warm-up highlights: Babar Azam marks Pakistan captaincy return with century before West Indies Test series,Cricketnews.com,2026-07-20T08:14:11Z,Catch the WI Select XI vs PAK warm-up highlights. Babar Azam marked his Pakistan captaincy return with a brilliant century alongside opener Azan Awais.,https://www.cricketnews.com/en/cricket/news/wi-select-xi-vs-pak-highlights-babar-azam-pakistan-captaincy-century-test/fd7a38481d7a8835d521a769
"Iran suspends commitments under US memorandum of understanding, and crypto markets are already feeling it",Crypto Briefing,2026-07-20T07:58:58Z,"Iran suspends its commitments under the US memorandum of understanding as Bitcoin drops from $82K to below $62K and $1B in Iranian crypto assets are seized.
The post Iran suspends commitments under US memorandum of understanding, and crypto markets are alread…",https://cryptobriefing.com/iran-halts-us-mou-crypto-impact/
"China, India reported largest decline in LNG imports in 2025",BusinessLine,2026-07-20T07:52:01Z,"China and India reported the largest decline in liquefied natural gas (LNG) imports in the 2025 calendar year (CY) at 8.9 million tonnes (mt) and 1.5 mt, respectively, according to the International Gas Union (IGU).",https://www.thehindubusinessline.com/economy/china-india-reported-largest-decline-in-lng-imports-in-2025/article71244287.ece
Iran’s interior minister visits Pakistan amid US-Iran tensions,Crypto Briefing,2026-07-20T07:49:51Z,"Iran's Interior Minister visits Pakistan amid U.S.-Iran tensions. Diplomatic meeting by August 31, 2026 at 45.5% YES.
The post Iran’s interior minister visits Pakistan amid US-Iran tensions appeared first on Crypto Briefing.",https://cryptobriefing.com/irans-interior-minister-visits-pakistan-amid-us-iran-tensions/
"India, a power in the middle: Beyond the US-China binary",Livemint,2026-07-20T07:46:30Z,"From uranium and missile deals to defence co-development and strategic manufacturing, India is pursuing an independent path even as the US dismisses the idea of middle powers acting collectively.",https://www.livemint.com/opinion/online-views/india-middle-power-strategic-autonomy-us-china-colby-geopolitics-foreign-policy-defence-partnership-11784527405285.html
Best VPN in Pakistan Comparison: Updated July 2026,Gizmodo.com,2026-07-20T07:24:00Z,"Which VPN is best in Pakistan? Here's the list of the best VPN in Pakistan, all reviewed, ranked, and compared in July 2026.",https://gizmodo.com/best-vpn/pakistan
Mahr in South Asian and European Jurisdictions,Lse.ac.uk,2026-07-20T07:07:50Z,"How is mahr, central to Islamic marriage across South Asia, understood and adjudicated in courts of law in the region as well as in Europe? Ethan Holden looks at historical and contemporary cases to explain mahr’s remarkable capacity for legal adaptation and …",https://blogs.lse.ac.uk/southasia/2026/07/20/mahr-in-south-asian-and-european-jurisdictions/
"Video: ""Operation Safed Sagar"" - Official Trailer - Netflix India",Thefutoncritic.com,2026-07-20T05:23:00Z,"As the Kargil War erupts between India and Pakistan, the Golden Arrows squadron of the Air Force takes flight on a dangerous mission behind enemy lines.",http://www.thefutoncritic.com/video/2026/07/20/video-operation-safed-sagar-official-trailer-netflix-india-728011/20260720netflix01/
Narratives of an Israel-Iran nuclear confrontation,Israelnationalnews.com,2026-07-20T05:00:00Z,"Even if Iran stays non-nuclear, its drone and ballistic missile capabilities could prod Israel to issue measured nuclear threats, with various options that must be carefully considered. Opinion.",https://www.israelnationalnews.com/news/430438
Tanker attacked in Strait of Hormuz as US strikes Iran for 10th night,Associated Press,2026-07-20T03:44:22Z,"Iran has attacked a tanker in the Strait of Hormuz, forcing its crew to abandon the ship. That came early Tuesday even as the United States conducted yet-another round of airstrikes targeting the Islamic Republic over control of the key waterway. The 10 night…",https://apnews.com/article/iran-us-hormuz-strait-war-july-20-2026-8b37952906cbec6351fdcc47a0fa6297
Samsung Announces Addition of Louvre Collection to Samsung Art Store,Samsung.com,2026-07-20T02:07:46Z,"Samsung Electronics today announced that 34 brand new artworks from the Louvre’s collection are joining Samsung Art Store for the first time, making a total of 51 masterpieces from one of the world’s most celebrated museums available to Samsung Art Store user…",https://news.samsung.com/global/samsung-announces-addition-of-louvre-collection-to-samsung-art-store
20 countries for Commonwealth Fencing Champs in Lagos,The Punch,2026-07-20T00:54:44Z,"Lagos to host the 2026 Commonwealth Fencing Championships, featuring 20 countries, U-23, and wheelchair fencing. Discover more about this historic event.

Read More: https://punchng.com/20-countries-for-commonwealth-fencing-champs-in-lagos/",https://punchng.com/20-countries-for-commonwealth-fencing-champs-in-lagos/
Trump: US ending Iran’s nuclear missile chances amid military escalation,Crypto Briefing,2026-07-20T00:39:18Z,"Trump claims the US is ending Iran's nuclear missile chances amid military escalation. Deal for Iran reconstruction funding in 2026 at 26.5% YES.
The post Trump: US ending Iran’s nuclear missile chances amid military escalation appeared first on Crypto Briefi…",https://cryptobriefing.com/trump-us-ending-irans-nuclear-missile-chances-amid-military-escalation/
Chinese President Xi Jinping wants emergency response systems to keep AI in check,Theregister.com,2026-07-20T00:38:54Z,PLUS: Korean e-tailer Coupang's warehouse burns; Australian Uni expels VMware; India's first private rocket flies first time; And more!,https://www.theregister.com/ai-and-ml/2026/07/20/chinese-president-xi-jinping-wants-emergency-response-systems-to-keep-ai-in-check/5274687
Part-Time Graphic Design support,Behance.net,2026-07-19T22:37:24Z,"THIS JOB POST IS FOR PAKISTAN ONLY.
We are looking for a part-time graphic designer to assist us with some tasks. 
? Salary: 20,000 PKR per month
 ? TIme: 3 hours a day, 5 days a week
 ? Position: Part-time, remote
Responsibilities:
 ? Social Media Grap…",https://www.behance.net/joblist/fulltime/357857/Part-Time%20Graphic%20Design%20support
Ladakh sanctuary revamp hits security hurdle; review on,The Times of India,2026-07-19T19:06:34Z,"Ladakh's plans to redraw sanctuary boundaries face national security and local development challenges. A new committee will define core wildlife areas, addressing strategic concerns near China and Pakistan.  Existing protected areas already cover a significan…",https://economictimes.indiatimes.com/news/india/ladakh-sanctuary-revamp-hits-security-hurdle-review-on/articleshow/132500793.cms
"After Saudi Arabia, Kuwait explores defence pact with Pakistan",The Times of India,2026-07-19T18:11:19Z,"Kuwait is in talks with Pakistan to sign acomprehensive defence pactamid escalating regional tensions following Iran's renewed attacks on Gulf infrastructure. The proposed agreement could include the deployment ofPakistani troops, fighter jets, drones and air…",https://economictimes.indiatimes.com/news/defence/after-saudi-arabia-kuwait-explores-defence-pact-with-pakistan/articleshow/132499515.cms
Trump considers escalating US military campaign against Iran: report,Crypto Briefing,2026-07-19T17:38:04Z,"Trump considers escalating the US military campaign against Iran. US-Iran deal with reconstruction funding in 2026 at 26% YES.
The post Trump considers escalating US military campaign against Iran: report appeared first on Crypto Briefing.",https://cryptobriefing.com/trump-considers-escalating-us-military-campaign-against-iran-report/
MMA fighter Sangram knocks Pakistan's Ali out in 80 seconds to win STRIKE Asia Championship title,The Times of India,2026-07-19T16:14:22Z,"The highly anticipated India-Pakistan showdown lived up to its billing, but only briefly, as Sangram dominated the contest from the opening bell. Displaying exceptional power, precision, and composure, Sangram finished the fight in emphatic fashion.",https://economictimes.indiatimes.com/news/sports/other-sports/mma-fighter-sangram-knocks-pakistans-ali-out-in-80-seconds-to-win-strike-asia-championship-title/articleshow/132497300.cms
23rd Health Asia Int'l Exhibition & Conference | 10-12 Sep 2026 | Karachi Expo Center | Pakistan,YouTube,2026-07-19T16:11:51Z,23rd Health Asia Int'l Exhibition & Conference | 10-12 Sep 2026 | Karachi Expo Center | Pakistanyoutube.com,https://www.youtube.com/supported_browsers?next_url=https%3A%2F%2Fwww.youtube.com%2Fwatch%3Fv%3DoQg_9WjdpAw
"US hits under-construction nuke plant in Iran, says furious Tehran: ‘Clear violation’",New York Post,2026-07-19T15:58:47Z,"""An attack on a peaceful nuclear facility under international safeguards is a clear violation of international law,"" said Iranian nuclear authorities.",https://nypost.com/2026/07/19/world-news/us-hits-under-construction-nuke-plant-in-iran-tehran/
UK opposition demands Pakistan aid freeze over child sex predator,RT,2026-07-19T15:43:47Z,UK opposition parties have demanded an aid and visa freeze after Pakistan refused to accept convicted child rapist Shabir Ahmed Read Full Article at RT.com,https://www.rt.com/news/643221-uk-opposition-demands-pakistan-aid/
Sangram Singh Wins STRIKE Asia Title With Quick Knockout,Rediff.com,2026-07-19T15:29:28Z,Indian MMA fighter Sangram Singh secured the STRIKE Asia Championship title by defeating Pakistan's Mohammed Abid Ali with a stunning knockout in just 80 seconds. This victory extends Singh's unbeaten professional record and highlights his successful transiti…,https://www.rediff.com/sports/report/sangram-singh-knocks-out-pakistans-ali-to-win-strike-asia-championship/20260719.htm
Carrot and Stick,Freerepublic.com,2026-07-19T14:54:39Z,"""Persian kings did not build empires by being naive about deception; they practically invented the genre.” —Jesus Enrique Rosas. Where do the enemies of our country — including the ones inside our country — get the idea that Iran is winning this war? They wis…",https://freerepublic.com/focus/f-chat/4388559/posts
US military operations in Iran to persist until Trump’s objectives met,Crypto Briefing,2026-07-19T14:23:22Z,"US military operations in Iran will continue until Trump's goals are met. Iran reconstruction funding in a US-Iran deal in 2026 at 26% YES.
The post US military operations in Iran to persist until Trump’s objectives met appeared first on Crypto Briefing.",https://cryptobriefing.com/us-military-operations-in-iran-to-persist-until-trumps-objectives-met/
"Andrew (Islam convert), Tristan Tate arrested in US on new charges of rape, trafficking",Freerepublic.com,2026-07-19T12:13:03Z,"Summary: Brothers arrested in the United States They face a total of 59 charges, including rape. 'No place for male violence against women and girls,"" says police.",https://freerepublic.com/focus/f-news/4388549/posts
Asylum seekers sent to Nauru by Australia say they are going hungry,ABC News (AU),2026-07-19T11:58:05Z,"According to a survey of 78 asylum seekers on Nauru, 99 per cent said they were regularly skipping meals because they could not buy enough food with their fortnightly allowance, while more than three quarters said they rarely had access to free, clean drinkin…",https://www.abc.net.au/news/2026-07-19/asylum-seekers-sent-to-nauru-by-australia-go-hungry/106933536
Climate Change Hits Women Hardest. It’s Time Our Solutions Reflected That.,Ms. Magazine,2026-07-19T11:00:00Z,"Imagine being nine months pregnant with no clinic to give birth in and no skilled birth attendant anywhere within reach. This was the reality for 73,000 women who were weeks away from their due date in my native province of Sindh, Pakistan, when catastrophic …",https://msmagazine.com/2026/07/19/climate-change-women-reproductive-health-gender-equity/
Why is India vetting books in Kashmir in search of ‘anti-national’ content?,Al Jazeera English,2026-07-19T10:43:27Z,"Authorities in disputed region are auditing school, college and public libraries to look for ‘objectionable’ material.",https://www.aljazeera.com/news/2026/7/19/why-is-india-vetting-books-in-kashmir-in-search-of-anti-national-content
Explained: Why Jasprit Bumrah missed the India vs England 3rd ODI at Lord's as Arshdeep Singh replaces him,Cricketnews.com,2026-07-19T09:40:05Z,Find out why star bowler Jasprit Bumrah missed the 3rd ODI against England at Lord's as Arshdeep Singh makes a return to the playing XI.,https://www.cricketnews.com/en/cricket/news/bumrah-miss-india-vs-england-3rd-odi-lords-arshdeep-singh-replace/95172ed8824e9ed73c718ca5
"Afghanistan seeks deeper trade ties with India, pitches for easier business access",BusinessLine,2026-07-19T09:23:52Z,ACCI calls for easier visas and reduced barriers as Kabul shifts away from Pakistan transit routes,https://www.thehindubusinessline.com/news/afghanistan-seeks-deeper-trade-ties-with-india-pitches-for-easier-business-access/article71240983.ece
"Afghanistan seeks deeper trade ties with India, pitches for easier business access",The Times of India,2026-07-19T08:41:53Z,Afghanistan's trade body seeks enhanced economic ties with India.  They requested easier business procedures and faster visa issuance.  This comes as Afghanistan diversifies trade routes away from Pakistan.  India is strengthening connectivity through Iran's …,https://economictimes.indiatimes.com/news/economy/foreign-trade/afghanistan-seeks-deeper-trade-ties-with-india-pitches-for-easier-business-access/articleshow/132491916.cms
Iran warns US of devastating response amid renewed 2026 conflict,Crypto Briefing,2026-07-19T08:16:25Z,"Iran warns of a severe response to U.S. actions amid renewed conflict. US-Iran deal in 2026 at 25.5% YES.
The post Iran warns US of devastating response amid renewed 2026 conflict appeared first on Crypto Briefing.",https://cryptobriefing.com/iran-warns-us-of-devastating-response-amid-renewed-2026-conflict/
The heartbreaking story of the talented young woman murdered by her own family... and the chilling threat of her killer hours before she died,Dailymail.com,2026-07-19T08:02:39Z,"Somaiya Begum was enjoying a well-earned lazy afternoon, curled up on the sofa in her uncle's terraced home, on the day she went missing.",https://www.dailymail.com/crime-desk/article-15978727/The-heartbreaking-story-talented-young-woman-murdered-family.html
Electricity Costs 3× Gas In Europe. Tax Is A Big Reason Why,Forbes,2026-07-19T08:00:00Z,The EU's Electrification Action Plan admits electricity is taxed more than gas. Closing that gap is the cheapest lever left for faster electrification.,https://www.forbes.com/sites/guneyyildiz/2026/07/19/electricity-costs-3-gas-in-europe-tax-is-a-big-reason-why/
Afghanistan-Pakistan transit trade plunges to USD 367 million,The Times of India,2026-07-19T07:15:34Z,"Afghanistan-Pakistan transit trade saw a steep decline to USD 367 million. This drop occurred from USD 5 billion before the Taliban's return in 2021. Kabul increasingly relied on Iranian routes, reducing dependence on Pakistani ports. Pakistan's border closur…",https://economictimes.indiatimes.com/news/international/world-news/afghanistan-pakistan-transit-trade-plunges-to-usd-367-million/articleshow/132490803.cms
"US-Israeli Bombing Has Harmed Iran’s Wildlife, Farms, and Water Supply",Juancole.com,2026-07-19T04:06:02Z,The war has also ravaged Iran's water supply and infrastructure; as with the bombing of a major desalination plant on Qeshm Island,https://www.juancole.com/2026/07/israeli-bombing-wildlife.html
US Strikes Iran To ‘Punish’ It for Attack That Killed 2 Troops,gcaptain.com,2026-07-19T03:45:59Z,"By María Paula Mijares Torres and Patrick Sykes Jul 18, 2026 (Bloomberg) –The US launched fresh strikes on Iran Saturday, a day after two American service members were killed in Jordan...",https://gcaptain.com/us-strikes-iran-to-punish-it-for-attack-that-killed-2-troops/
Pakistan raises jet fuel price by PKR 40.35 per litre amid global oil market volatility,The Times of India,2026-07-19T03:32:01Z,"Pakistan has increased jet fuel prices by PKR 40.35 per litre, reaching PKR 291.55. This follows a previous hike, bringing the total increase to PKR 53.58 in two weeks. Rising international oil prices and geopolitical tensions are cited as reasons for the fue…",https://economictimes.indiatimes.com/news/international/world-news/pakistan-raises-jet-fuel-price-by-pkr-40-35-per-litre-amid-global-oil-market-volatility/articleshow/132489536.cms
"Iran envoy slams Trump for 'destroying two important diplomatic achievements', cites JCPOA, 14-point MoU",The Times of India,2026-07-19T01:32:33Z,"Iran's Ambassador to Pakistan, Reza Amiri Moghadam, on Sunday accused US President Donald Trump of undermining two major diplomatic agreements between the US and Iran, alleging that Washington had dismantled both the 2015 Joint Comprehensive Plan of Action (J…",https://economictimes.indiatimes.com/news/international/world-news/iran-envoy-slams-trump-for-destroying-two-important-diplomatic-achievements-cites-jcpoa-14-point-mou/articleshow/132488983.cms
Terror police investigating 'extreme right-wing' threat to Islamic event at Suffolk country mansion release eight men from custody,Dailymail.com,2026-07-19T00:18:46Z,"Thousands of people had attended the gathering at Shrubland Hall near Ipswich, but it was forced to close early after advice from police.",https://www.dailymail.com/news/article-15987975/Terror-police-extreme-right-wing-threat-Islamic-event-Suffolk-country-mansion-release-eight-men-custody.html
"SARAH VINE: Starmer, the Trojan horse who's paved the way for a socialist coup",Dailymail.com,2026-07-18T23:59:59Z,"As Britain's self-appointed new saviour, Andy Burnham, prepares to take up residence in No 10, it seems to me that his predecessor Sir Keir Starmer's place in history has finally been assured.",https://www.dailymail.com/debate/article-15987663/SARAH-VINE-Starmer-Trojan-horse-paved-way-socialist-coup.html
"49,498 Nigerian workers got UK work visas in five years — Report",The Punch,2026-07-18T23:50:03Z,"A new report reveals 49,498 Nigerian workers received UK work visas between 2021 and 2026, with health and care sectors dominating. Learn about the trends

Read More: https://punchng.com/49498-nigerian-workers-got-uk-work-visas-in-five-years-report/",https://punchng.com/49498-nigerian-workers-got-uk-work-visas-in-five-years-report/
FIFA vs NFL vs NBA prize money: Which championship pays the most?,The Times of India,2026-07-18T21:37:51Z,"The FIFA World Cup offers the biggest championship payout, with $50 million awarded to the winning national federation from a $655 million prize pool. The NFL pays $178,000 to each Super Bowl-winning player, while the NBA championship payout is about $4.7 mil…",https://timesofindia.indiatimes.com/sports/international-sports/fifa-vs-nfl-vs-nba-prize-money-which-championship-pays-the-most/articleshow/132486874.cms
"NCB seizes 5kg heroin smuggled from Pakistan in Poonch, 1 held",The Times of India,2026-07-18T19:21:58Z,Narcotics Control Bureau seized five kilograms of high-grade heroin in Poonch district. An alleged smuggler was arrested during a raid in Kosalyain village on Saturday. This seizure is considered one of the largest drug hauls in the border district. Investiga…,https://timesofindia.indiatimes.com/india/ncb-seizes-5kg-heroin-smuggled-from-pakistan-in-poonch-1-held/articleshow/132486443.cms
World’s most livable city revealed in annual report,New York Post,2026-07-18T19:04:16Z,"The Economist Intelligence Unit released its Global Livability Index on Tuesday, ranking 173 cities from around the world, with New York City a distant 66th.",https://nypost.com/2026/07/18/world-news/worlds-most-livable-city-revealed-in-annual-report/
"Jason Gillespie blasts Aaqib Javed for alleged lies, calls Pakistan selector a 'muppet'",Cricketnews.com,2026-07-18T19:02:48Z,Former Australian legend and Pakistan coach Jason Gillespie hits back on Aaqib Javed and calls him a Muppet for his alleged lies and locker room decisions.,https://www.cricketnews.com/en/cricket/news/jason-gillespie-aaqib-javed-alleged-lies-calls-pakistan-selector-muppet/0127a41205586f063375a903
"Treasury yields retreat, 10-year stays near January 2025 highs",Biztoc.com,2026-07-24T16:58:58Z,"U.S. Treasury yields retreated on Friday as oil prices dropped following a report that Pakistan is exploring a way to restart peace talks between the U.S. and Iran.
The yield on the 10-year U.S. Treasury note — the key benchmark for mortgage and auto loans an…",https://biztoc.com/x/386dd506d68b7077
Dow Jumps Amid Report of Renewed US-Iran Talks,Newser,2026-07-24T16:57:02Z,"Pakistan is tiptoeing into a risky new role: helping revive US-Iran talks at China's urging, three Pakistani sources tell Reuters . Iran's interior minister, Eskandar Momeni—seen as close to the Revolutionary Guard—has made two trips to Islamabad in 10 days, …",https://www.newser.com/story/393457/dow-jumps-amid-report-of-renewed-us-iran-talks.html
Yemen teeters towards renewed war in shadow of Iran conflict,The Times of India,2026-07-24T16:54:46Z,Yemen is nearing a renewed conflict as Houthi attacks escalate.  Saudi infrastructure and shipping have faced recent Houthi targeting.  Mediation efforts are struggling amid growing pessimism for resolution.  The Houthis and Iran are increasing pressure on Sa…,https://economictimes.indiatimes.com/news/international/world-news/yemen-teeters-towards-renewed-war-in-shadow-of-iran-conflict/articleshow/132610690.cms
Live Updates: Iran targets U.S. bases in Jordan and Iraq as raging war depletes U.S. interceptor stockpiles - CBS News,Slashdot.org,2026-07-24T16:53:21Z,"Live Updates: Iran targets U.S. bases in Jordan and Iraq as raging war depletes U.S. interceptor stockpilesCBS News Exclusive | Bahrain, Kuwait Warplanes Struck Iran in Rare Gulf RetaliationWSJ What Visuals Show About Recent Damage to U.S. Military Sites in t…",https://slashdot.org/firehose.pl?op=view&amp;id=184649368
Trump's Tariffs on 60 Countries Adopt Method Justice Brett Kavanaugh Laid Out in SCOTUS Ruling,Breitbart News,2026-07-24T16:48:20Z,"The tariffs that President Donald Trump imposed on 60 countries Thursday night utilize one of the mechanisms that Supreme Court Justice Brett Kavanaugh laid out in the dissent of February's Supreme Court ruling striking down Trump's Liberation Day tariffs.
Th…",https://www.breitbart.com/politics/2026/07/24/trumps-tariffs-on-60-countries-adopt-method-justice-brett-kavanaugh-laid-out-in-scotus-ruling/
US slaps 10% tariffs on India for forced labor,RT,2026-07-24T16:17:12Z,"The US imposed 10% tariffs on imports from India, replacing the previous 150-day tariff that lapses on Friday Read Full Article at RT.com",https://www.rt.com/india/643436-us-tariffs-india/
Why the Latest Oil Rally May Be Far From Over,OilPrice.com,2026-07-24T16:15:00Z,"The dual disruption of Hormuz and Bab el-Mandeb is tightening global oil flows, raising transport costs and fueling expectations of $100 oil. Friday, July 24, 2026 The double blockade of the Strait of Hormuz and the Bab el-Mandeb has turbo-boosted oil prices …",https://oilprice.com/Energy/Crude-Oil/Why-the-Latest-Oil-Rally-May-Be-Far-From-Over.html
Nithin Raj death: Kerala HC slams senior cops for arrest fiasco,The Times of India,2026-07-24T15:57:50Z,"Kerala High Court reprimands senior crime branch officers over Dr M K Ram arrest in Nithin Raj death case, citing failure to follow mandatory arrest procedure.",https://timesofindia.indiatimes.com/city/kochi/nithin-raj-death-kerala-hc-slams-senior-cops-for-arrest-fiasco/articleshow/132609829.cms
"No shelter, no bus bay: Gabbur Cross emerges as safety nightmare",The Times of India,2026-07-24T15:54:17Z,"Gabbur Cross on Pune–Bengaluru highway near Hubballi flagged as accident spot due to unauthorised bus halts, no bus bay/shelter, poor lighting.",https://timesofindia.indiatimes.com/city/hubballi/no-shelter-no-bus-bay-gabbur-cross-emerges-as-safety-nightmare/articleshow/132609795.cms
3 criminals externed for two years for robbing on truckers on Mumbai-Pune Expressway,The Times of India,2026-07-24T15:50:50Z,Raigad Police Superintendent Anchal Dalal externed three alleged criminals for two years. These individuals were involved in numerous theft and robbery cases on the Mumbai-Pune Expressway. Their criminal behavior persisted despite previous legal actions and j…,https://timesofindia.indiatimes.com/city/navi-mumbai/3-criminals-externed-for-two-years-for-robbing-on-truckers-on-mumbai-pune-expressway/articleshow/132609489.cms
"Thousands stranded without food, water as massive traffic snarl hits Mumbai-Ahmedabad Highway",The Times of India,2026-07-24T15:48:15Z,"Heavy rain and Daman Ganga flooding caused a massive Mumbai-Ahmedabad highway jam near Palghar, stranding thousands for hours without food or water.",https://timesofindia.indiatimes.com/city/mumbai/thousands-stranded-without-food-water-as-massive-traffic-snarl-hits-mumbai-ahmedabad-highway/articleshow/132609723.cms
Addict shoots self after posting clip accusing med store of selling drugs,The Times of India,2026-07-24T15:47:47Z,"20-year-old in Morena’s Porsa shoots himself after Instagram video blaming injection addiction and alleging med store sold syringes; shop sealed, probe and evidence seizure underway.",https://timesofindia.indiatimes.com/city/bhopal/addict-shoots-self-after-posting-clip-accusing-med-store-of-selling-drugs/articleshow/132609719.cms
Thiruvalla court orders asset attachment at taluk office over unpaid compensation,The Times of India,2026-07-24T15:47:20Z,"Thiruvalla court orders attachment of taluk office jeep, computers over unpaid land compensation for Chengannur-Kottayam railway line doubling project.",https://timesofindia.indiatimes.com/city/kochi/thiruvalla-court-orders-asset-attachment-at-taluk-office-over-unpaid-compensation/articleshow/132609712.cms
Tight security to prevent NEET protest re-run,The Times of India,2026-07-24T15:46:50Z,"Patna on high alert after NEET paper leak protests, with police deployment, barricades, flag march, restricted Gandhi Maidan entry, and social media monitoring.",https://timesofindia.indiatimes.com/city/patna/tight-security-to-prevent-neet-protest-re-run/articleshow/132609705.cms
97-year-old regains shoulder movement after awake keyhole surgery,The Times of India,2026-07-24T15:46:47Z,"97-year-old regains shoulder use after fully awake arthroscopic surgery with biodegradable balloon spacer at Chennai’s Rela Hospital, avoiding general anaesthesia.",https://timesofindia.indiatimes.com/city/chennai/97-year-old-regains-shoulder-movement-after-awake-keyhole-surgery/articleshow/132609706.cms
"Hemant orders crackdown on illicit liquor, advises tech for transport",The Times of India,2026-07-24T15:45:12Z,"Jharkhand CM Hemant Soren orders crackdown on illicit liquor, urges GPS and digital locks for transport. Excise revenue hits Rs 4,013.53 crore; hiring underway.",https://timesofindia.indiatimes.com/city/ranchi/hemant-orders-crackdown-on-illicit-liquor-advises-tech-for-transport/articleshow/132609688.cms
"Mumbai senior citizen kept under ‘digital arrest’ for 2 weeks, loses nearly Rs 8 crore",The Times of India,2026-07-24T15:44:34Z,"Mumbai digital arrest scam: 73-year-old Andheri man kept on video for 14 days, duped of Rs 7.89 crore by fake Delhi cyber police; FIR filed.",https://timesofindia.indiatimes.com/city/mumbai/mumbai-senior-citizen-kept-under-digital-arrest-for-2-weeks-loses-nearly-rs-8-crore/articleshow/132609681.cms
Pronto doubles pay for househelp wearing forehead-mounted cameras,The Times of India,2026-07-24T15:44:13Z,"Pronto offers househelp nearly double pay to wear forehead cameras for recorded home cleanings via Pronto Verified; footage aids AI training, raises privacy concerns.",https://timesofindia.indiatimes.com/city/bengaluru/pronto-doubles-pay-for-househelp-wearing-forehead-mounted-cameras/articleshow/132609675.cms
"Yoga Lakshmi announces exit from Heart Beat, says, 'I’ll definitely miss being Theju'",The Times of India,2026-07-24T15:43:14Z,"Actress Yoga Lakshmi has announced her exit from the Heart Beat series, leaving fans with heavy hearts. She expressed appreciation for her journey as Theju, a character that resonated with many. With the eagerly awaited third season around the corner, fans ar…",https://timesofindia.indiatimes.com/web-series/news/tamil/yoga-lakshmi-announces-exit-fromheart-beat-says-ill-definitely-miss-being-theju/articleshow/132609586.cms
"Shankar moves privilege motion against Kunal, TMC MLA says sorry",The Times of India,2026-07-24T15:43:02Z,West Bengal minister Shankar Ghosh moves privilege breach notice against Trinamool MLA Kunal Ghosh after suspension; Kunal apologises to Speaker.,https://timesofindia.indiatimes.com/city/kolkata/shankar-moves-privilege-motion-against-kunal-tmc-mla-says-sorry/articleshow/132609650.cms
"Coimbatore I-T region tax collections rise to ₹20,635.71 crore; over 14 lakh taxpayers file voluntarily",The Times of India,2026-07-24T15:42:47Z,"Coimbatore I-T Charge direct tax collections rose to ₹20,635.71 crore in FY 2025–26; 14 lakh+ taxpayers filed voluntarily; services and infra upgrades planned.",https://timesofindia.indiatimes.com/city/coimbatore/coimbatore-i-t-region-tax-collections-rise-to-20635-71-crore-over-14-lakh-taxpayers-file-voluntarily/articleshow/132609587.cms
"3 dead, 244 rescued, 1,500 evacuated as floods continue to batter Palghar",The Times of India,2026-07-24T15:41:31Z,"Palghar floods: 3 dead, 244 rescued and 1,500 evacuated as bridges and roads are damaged; power outages hit villages and Vasai-Virar water supply disrupted.",https://timesofindia.indiatimes.com/city/mumbai/3-dead-244-rescued-1500-evacuated-as-floods-continue-to-batter-palghar/articleshow/132609641.cms
"Heavy traffic snarl on Thamarassery ghat road, hundreds stranded",The Times of India,2026-07-24T15:40:34Z,Thamarassery ghat road traffic jam on Kozhikode–Wayanad route left hundreds stranded after car and truck breakdowns near 8th hairpin amid roadwork.,https://timesofindia.indiatimes.com/city/kozhikode/heavy-traffic-snarl-on-thamarassery-ghat-road-hundreds-stranded/articleshow/132609630.cms
"Woman teacher found dead in Kharagpur lodge, companion critical",The Times of India,2026-07-24T15:40:00Z,Kharagpur: KV teacher Shubhangi Maheshwari found dead in Golbazar lodge; companion Amir Ali critical. Police suspect poisoning and are investigating circumstances.,https://timesofindia.indiatimes.com/city/kolkata/woman-teacher-found-dead-in-kharagpur-lodge-companion-critical/articleshow/132609623.cms
17-year-old student drowns in Dhubri,The Times of India,2026-07-24T15:36:15Z,"17-year-old student Aksara Gowala drowned in Dhubri’s Gadadhar River near Mela Maidam; SDRF recovered her body, police sent it for autopsy.",https://timesofindia.indiatimes.com/city/guwahati/17-year-old-student-drowns-in-dhubri/articleshow/132609571.cms
"India, Pakistan get direct quarter-final entry in Asian Games cricket",The Times of India,2026-07-24T15:30:05Z,"India, Pakistan, Sri Lanka and Bangladesh have been handed a direct entry into the men's knockouts of the Asian Games cricket after the draw was announced. Bangladesh will take on China, Sri Lanka clash with Malaysia, and Pakistan play Thailand.",https://economictimes.indiatimes.com/news/sports/cricket/india-pakistan-get-direct-quarter-final-entry-in-asian-games-cricket/articleshow/132609462.cms
Navi Mumbai Municipal Corporation clerk booked for skipping SIR duty for 8 days,The Times of India,2026-07-24T15:27:06Z,"Navi Mumbai NMMC typist clerk Jeevan Sonawane booked for skipping BLO duty during voter list SIR in Airoli, absent July 16–23; SIR deadline Aug 8.",https://timesofindia.indiatimes.com/city/mumbai/navi-mumbai-municipal-corporation-clerk-booked-for-skipping-sir-duty-for-8-days/articleshow/132609394.cms
One arrested for murder of transgender person in Mirzapur,The Times of India,2026-07-24T15:26:16Z,Mirzapur Police arrested Sonu Vishwakarma in the murder of transgender person Sattar Khan alias Haseena; auto-rickshaw used to dump the body recovered.,https://timesofindia.indiatimes.com/city/varanasi/one-arrested-for-murder-of-transgender-person-in-mirzapur/articleshow/132609396.cms
Two detained with ₹1.95 crore jewellery at Varanasi Cantt station,The Times of India,2026-07-24T15:25:40Z,"Jewellery worth ₹1.95 crore seized at Varanasi Cantt railway station; two Surat men detained as GRP, RPF probe documents and income tax angles.",https://timesofindia.indiatimes.com/city/varanasi/two-detained-with-1-95-crore-jewellery-at-varanasi-cantt-station/articleshow/132609387.cms
Construction debris inside corporation park in Chennai’s Madhavaram sparks safety concerns,The Times of India,2026-07-24T15:25:33Z,Construction debris dumped in Madhavaram’s Padmagiri Nagar children’s park raises safety concerns; residents urge GCC to barricade work zones and fix poor lighting.,https://timesofindia.indiatimes.com/city/chennai/construction-debris-inside-corporation-park-in-chennais-madhavaram-sparks-safety-concerns/articleshow/132609385.cms
"Pakistan, Iran explore path towards new talks with US in a China-initiated push, sources say",The Times of India,2026-07-24T15:24:18Z,"Pakistan is exploring ways to revive stalled US-Iran talks following a push by China, with exploratory discussions held during Iranian Interior Minister Eskandar Momeni's visit to Islamabad. While Pakistan is seeking to mediate amid rising regional tensions, …",https://economictimes.indiatimes.com/news/international/world-news/pakistan-iran-explore-path-towards-new-talks-with-us-in-a-china-initiated-push-sources-say/articleshow/132609199.cms
Iran vows defiance against US threats amid rising tensions,Crypto Briefing,2026-07-24T15:23:02Z,"Iran vows to resist U.S. threats. Reconstruction funding in a U.S.-Iran deal by 2026 at 29% YES.
The post Iran vows defiance against US threats amid rising tensions appeared first on Crypto Briefing.",https://cryptobriefing.com/iran-vows-defiance-against-us-threats-amid-rising-tensions/
India secures lower 10% US Section 301 tariff but trade uncertainties remain,BusinessLine,2026-07-24T15:22:08Z,"Forced-labour policy change helps India move into lower tariff band; experts say pharma tariffs, Russian oil penalties and excess-capacity probes must be resolved in BTA",https://www.thehindubusinessline.com/economy/india-secures-lower-10-us-section-301-tariff-but-trade-uncertainties-remain/article71263125.ece
"Pakistan, Iran explore new US talks in China-led diplomatic push",Crypto Briefing,2026-07-24T15:17:09Z,"Pakistan and Iran are exploring new US talks amid a China-led push. US-Iran meeting in UAE by September 30, 2026 at 0.1% YES.
The post Pakistan, Iran explore new US talks in China-led diplomatic push appeared first on Crypto Briefing.",https://cryptobriefing.com/pakistan-iran-explore-new-us-talks-in-china-led-diplomatic-push/
Top court defends Afghan woman's right to resettlement in Germany,The Local Germany,2026-07-24T15:15:01Z,Last year the German government withdrew a prior promise to grant visas to hundreds of Afghans who fled from the Taliban. Now the country's top court says the authorities cannot lawfully deny admission to the entire group.,https://www.thelocal.de/20260724/top-court-defends-afghan-womans-right-to-resettlement-in-germany
EU lawmakers push special envoy on Pakistan forced conversions ahead of appeal,Ewtnnews.com,2026-07-24T15:15:00Z,"As a Pakistani court prepares to hear Maria Shahbaz’s appeal, European lawmakers are pressing the EU’s religious freedom envoy to make forced conversions a priority.",https://www.ewtnnews.com/world/europe/eu-lawmakers-push-special-envoy-on-pakistan-forced-conversions-ahead-of-appeal
Pakistan’s Punjab Province Has Launched Its First Drone System to Warn of Floods,Sputnikglobe.com,2026-07-24T15:10:29Z,"This is not merely an experiment, experts say, but an urgent necessity driven by the climate crisis.",https://sputnikglobe.com/20260724/pakistans-punjab-province-has-launched-its-first-drone-system-to-warn-of-floods-1124492872.html
Will Trump be the First American Caesar?,Globalresearch.ca,2026-07-24T15:08:21Z,"Journalism as an honest career has been wrecked by journalism schools teaching that the purpose of journalism is to change society, not to report facts, by bought and paid for narratives that serve organized lobbies, by government and Israel Lobby …
The post …",https://www.globalresearch.ca/trump-first-american-caesar/5934431
Anti-dumping measure maintained on bikes from China,Www.gov.uk,2026-07-24T14:56:06Z,An anti-dumping measure on bicycles and certain bicycle parts imported from China will be maintained until August 2029 following a transition review.,https://www.gov.uk/government/news/anti-dumping-measure-maintained-on-bikes-from-china
"U.S hits Nigeria, 7 African nations with 12.5% tariff over forced labour claims",Vanguard,2026-07-24T14:50:16Z,"By Nkiruka Nnorom The United States has slapped Nigeria and seven other African countries with a 12.5 percent tariff on their exports to America over alleged failure to curb forced labour in supply chains. The action, taken under Section 301 of the US Trade A…",https://www.vanguardngr.com/2026/07/u-s-hits-nigeria-7-african-nations-with-12-5-tariff-over-forced-labour-claims/
"I completely reimagined my videos with Video Remix in Google Photos — here's how you can, too",Android Central,2026-07-24T14:49:00Z,"We already saw Gemini Omni replace Veo in the Gemini app, and now it's powering a Video Remix feature in Google Photos. Here's how to use it.",https://www.androidcentral.com/apps-software/ai/i-completely-reimagined-my-videos-with-video-remix-in-google-photos
England's new Test captain and head coach for Pakistan series: Likely candidates to take over after Ben Stokes and Brendon McCullum,Cricketnews.com,2026-07-24T14:36:41Z,"With Ben Stokes and Brendon McCullum both out of the England dressing room, here's a look at the likely candidates ahead of the upcoming series against Pakistan.",https://www.cricketnews.com/en/cricket/news/englands-test-captain-head-coach-pakistan-series/2106ec337adc465fab4f3af5
Iran blames US approach for stalled talks amid 2026 conflict tensions,Crypto Briefing,2026-07-24T14:25:32Z,"Iran blames the US for stalled talks amid conflict tensions. Final nuclear deal by August 13, 2026 at 2.3% YES.
The post Iran blames US approach for stalled talks amid 2026 conflict tensions appeared first on Crypto Briefing.",https://cryptobriefing.com/iran-blames-us-approach-for-stalled-talks-amid-2026-conflict-tensions/
Prices in 5 categories of household necessities to skyrocket as new round of tariffs hit next month,New York Post,2026-07-24T14:15:17Z,"Your next discount haul could be a lot more expensive.  The Trump administration is ramping up tariffs on imports from at least 60 of its trading partners, whose members of the cabinet claim have failed to “impose and effectively enforce forced labor laws.” O…",https://nypost.com/2026/07/24/lifestyle/price-of-household-goods-to-skyrocket-with-next-round-of-tariffs/
"Bangladesh President resigns, citing illness - Hasina arrives in December",Gossiplankanews.com,2026-07-24T14:06:01Z,"Mr. Mohammed Shahabuddin, 76, who served as the 22nd President of Bangladesh, has resigned from his post on July 24, 2026, halfway through his five-year term. A close political confidant of former Prime Minister Sheikh Hasina, he handed over his signed resign…",https://english.gossiplankanews.com/2026/07/bangladesh-president-resigns-citing.html
Unspoken cycles: A qualitative study exploring the lived experiences of women’s menstruation in the urban informal settlements of Bangladesh,Plos.org,2026-07-24T14:00:00Z,"Background Menstrual health and hygiene (MHH) is a critical component of public health and gender equity. However, limited research has explored the everyday experiences of women and adolescent girls managing menstruation within the constrained environment of…",https://journals.plos.org/plosone/article?id=10.1371/journal.pone.0354260
Plasmodium vivax and Plasmodium falciparum mixed infections in human and mosquito hosts: The impact of multi-species infection on parasite densities and transmission to mosquitoes,Plos.org,2026-07-24T14:00:00Z,"Author summary Malaria remains a major public health challenge in Ethiopia, where Plasmodium vivax and Plasmodium falciparum often occur together in the same patient. While mixed-species infections are common, little is known about how they compare to single-…",https://journals.plos.org/plosntds/article?id=10.1371/journal.pntd.0014148
Effects of light qualities on the growth and photosynthetic characteristics of Sorbus tianschanica Rupr. seedlings,Plos.org,2026-07-24T14:00:00Z,"Light quality is an important environmental factor influencing plant growth and development, but its effects on functional traits and physiological processes in woody seedlings remain unclear. In this study, Sorbus tianschanica Rupr. seedlings were grown unde…",https://journals.plos.org/plosone/article?id=10.1371/journal.pone.0354303
Virtual screening of Kocuria oceani AT-1 metabolites as potential maize growth regulators under drought conditions using molecular docking and dynamics simulation,Plos.org,2026-07-24T14:00:00Z,"Maize is a vital cereal crop, severely affected by environmental factors and climate change. Among abiotic factors, drought stress is considered one of the most detrimental factors limiting plant growth and biomass production. However, the molecular basis of …",https://journals.plos.org/plosone/article?id=10.1371/journal.pone.0354805
Cracking the CAT: How rigorous preparation and mental discipline separate the best from the rest,The Times of India,2026-07-24T13:57:42Z,Education News: Getting into the foremost management institutes of the country remains one of the most sought-after academic milestones. A degree from such institutes.,https://timesofindia.indiatimes.com/education/cracking-the-cat-how-rigorous-preparation-and-mental-discipline-separate-the-best-from-the-rest/articleshow/132607558.cms
Rajasthan LDC answer key 2026 released at rssb.rajasthan.gov.in: Direct link to download here,The Times of India,2026-07-24T13:57:00Z,The Rajasthan Staff Selection Board (RSSB) has released the provisional answer key for the LDC Grade II and Junior Assistant Recruitment Examination 2026. Candidates can download the answer key and master question papers from the official website to estimate …,https://timesofindia.indiatimes.com/education/news/rajasthan-ldc-answer-key-2026-released-at-rssb-rajasthan-gov-in-direct-link-to-download-here/articleshow/132607560.cms
"India rebuffs Pakistan's ASEAN comments, reaffirms Indus Waters Treaty abeyance",The Times of India,2026-07-24T13:55:58Z,"India on Friday firmly rejected Pakistan's remarks at the ASEAN forum, affirming the Indus Waters Treaty stays in abeyance until Islamabad halts cross-border terrorism. The External Affairs Ministry also dismissed claims of India causing deliberate flooding i…",https://economictimes.indiatimes.com/news/india/india-rebuffs-pakistans-asean-comments-reaffirms-indus-waters-treaty-abeyance/articleshow/132607738.cms
Police trace missing minor girl in Sullia; arrest 18-year-old,The Times of India,2026-07-24T13:48:29Z,"Sullia police traced a missing minor girl on July 22; an 18-year-old from Kadaba was arrested under BNS and POCSO Act charges, officials said.",https://timesofindia.indiatimes.com/city/mangaluru/police-trace-missing-minor-girl-in-sullia-arrest-18-year-old/articleshow/132607588.cms
Students on the streets due to Centre’s failure: Poojary,The Times of India,2026-07-24T13:48:10Z,"KPCC leader Padmaraj R Poojary blames Centre for NEET paper leak, calls for education minister’s resignation, condemns crackdown on student protests.",https://timesofindia.indiatimes.com/city/mangaluru/students-on-the-streets-due-to-centres-failure-poojary/articleshow/132607583.cms
Militant attack kills 15 at security check post in north-west Pakistan: military,The Times of India,2026-07-24T13:36:47Z,"Militants attacked a security check post in Pakistan, killing fifteen people. Twelve soldiers, two police officers, and one government official died in the blast. Security forces killed twelve militants during the overnight incident in Tank district. The Tehr…",https://economictimes.indiatimes.com/news/international/world-news/militant-attack-kills-15-at-security-check-post-in-north-west-pakistan-military/articleshow/132607261.cms
"Suicide bombing in Pakistan kills 15, including 12 soldiers, army says",The Times of India,2026-07-24T13:36:47Z,"At least 15 people, including 12 soldiers, were killed in a suicide bombing in northwest Pakistan, the military said on Friday. Several others were injured in the attack.",https://economictimes.indiatimes.com/news/international/world-news/suicide-bombing-in-pakistan-kills-15-including-12-soldiers-army-says/articleshow/132607261.cms
Pakistan Transporters Threaten Nationwide Strike Over Fuel Price Hikes,OilPrice.com,2026-07-24T13:30:00Z,Pakistan’s alliance of goods transporters has warned it could launch a nationwide strike over soaring fuel costs in another economic pressure that the South Asian country is feeling from the Middle East crisis. “Transporters across Pakistan should remain prep…,https://oilprice.com/Latest-Energy-News/World-News/Pakistan-Transporters-Threaten-Nationwide-Strike-Over-Fuel-Price-Hikes.html
US weapons stocks depleting amid ongoing strikes with Iran,Crypto Briefing,2026-07-24T13:27:37Z,"US weapons stocks are depleting amid ongoing strikes with Iran. US-Iran deal by 2026 at 29% YES, uranium enrichment cap at 32.5% YES, and enrichment moratorium.
The post US weapons stocks depleting amid ongoing strikes with Iran appeared first on Crypto Brief…",https://cryptobriefing.com/us-weapons-stocks-depleting-amid-ongoing-strikes-with-iran/
"Sri Lanka vs. Pakistan women prediction, lineups and betting tips for 2nd ODI as Chamari Athapaththu's side eye comeback",Sporting News,2026-07-24T13:00:01Z,"SL-W vs PAK-W 2nd ODI preview: prediction, head-to-head, pitch report, betting tips, odds, lineups and how to watch Saturday's Hambantota clash.",https://www.sportingnews.com/in/cricket/news/sri-lanka-vs-pakistan-women-prediction-lineups-betting-tips-2nd-odi-chamari-athapaththus/ca000def73c7032dcd575740
This New Denim Brand Caters to True Tall Proportions,WWD,2026-07-24T13:00:00Z,A Tall Box aims to fill a long-standing gap that many standard size brands have tried to fill but failed.,http://wwd.com/sourcing-journal/sj-denim/a-tall-box-launches-tall-womens-jeans-1239081187/
Can Pakistan-administered Kashmir elections calm tensions?,DW (English),2026-07-24T12:46:00Z,Pakistan-administered Kashmir heads to the polls after weeks of deadly protests over seats reserved for displaced people from India-administered Kashmir. One local group has called for the election to be boycotted.,https://www.dw.com/en/can-pakistan-administered-kashmir-elections-calm-tensions/a-78101422
Can Pakistan-administered Kashmir election calm tensions?,DW (English),2026-07-24T12:46:00Z,Pakistan-administered Kashmir heads to the polls after weeks of deadly protests over seats reserved for displaced people from India-administered Kashmir. One local group has called for the election to be boycotted. The first phase of local elections in Pakist…,https://www.dw.com/en/can-pakistan-administered-kashmir-election-calm-tensions/a-78101422
"Report: Joe Root set for England Test captaincy return against Pakistan, second stint could extend to 2027 Ashes",Cricketnews.com,2026-07-24T12:34:04Z,"With Joe Root reinstated as the captain of the English test side, the batsman will be the leader of the team as they head into the Pakistan series and possibly could be the skipper for the Ashes as well.",https://www.cricketnews.com/en/cricket/news/joe-root-england-test-captaincy-pakistan-extend-ashes-2027/129c3c77f9a207be477c8376
"ED searches 9 locations in Punjab, Jammu and Kashmir in narco-terror funding probe, freezes Rs 49.9 lakh",The Times of India,2026-07-24T12:29:29Z,"Directorate of Enforcement (ED), Jammu Sub Zonal Office has conducted search operations under the provisions of the Prevention of Money Laundering Act (PMLA), 2002 on July 23 at 09 locations in Punjab and Jammu and Kasmir Inear Line of Control (LOC) in connec…",https://economictimes.indiatimes.com/news/india/ed-searches-9-locations-in-punjab-jammu-and-kashmir-in-narco-terror-funding-probe-freezes-rs-49-9-lakh/articleshow/132605684.cms
Trump Revives Global Tariffs Under New Legal Authority,gcaptain.com,2026-07-24T12:26:58Z,"The United States on Friday imposed new tariffs of 10% and 12.5% on goods from 60 trading partners, including the EU and China, alleging those countries failed to curb imports made by forced labor, just as a temporary 10% global tariff expired.",https://gcaptain.com/trump-revives-global-tariffs-under-new-legal-authority/
"How clean is the air in Greece’s cities, and what will summers look like in 20 years? Meteorology professor explains",Protothema.gr,2026-07-24T12:21:44Z,"Excerpt: Meteorology professor Prodromos Zanis tells protothema.gr that Greek air quality has improved over 30 years, yet fine particles and summer ozone remain serious health risks, with unmonitored ultrafine particles and black carbon posing hidden dangers
…",https://en.protothema.gr/2026/07/24/how-clean-is-the-air-in-greeces-cities-and-what-will-summers-look-like-in-20-years-meteorology-professor-explains/
Indonesia lobbies US for lower Section 301 tariffs: Official,Antaranews.com,2026-07-24T12:05:04Z,The Indonesian government is continuing consultations with the Office of the United States Trade Representative (USTR) to secure more competitive tariff rates ...,https://en.antaranews.com/news/423956/indonesia-lobbies-us-for-lower-section-301-tariffs-official
"Iran, Pakistan FMs meet on sidelines of SCO conference",Globalsecurity.org,2026-07-24T12:00:00Z,"Iran's Foreign Minister Abbas Araghchi has met with his Pakistani counterpart, Mohammad Ishaq Dar, on the sidelines of the Shanghai Cooperation Organization (SCO) Council of Foreign Ministers meeting.",https://www.globalsecurity.org/wmd/library/news/iran/2026/07/iran-260724-irna08.htm
Security Council debrief: Race for critical minerals intensifies amidst warnings of conflict,Globalsecurity.org,2026-07-24T12:00:00Z,"The world needs more critical minerals than ever before for electric vehicles, wind turbines, solar panels, batteries and smartphones.",https://www.globalsecurity.org/military/library/news/2026/07/mil-260724-unnews03.htm
Trump says damage to ships in Strait of Hormuz to be paid from Iranian funds,Globalsecurity.org,2026-07-24T12:00:00Z,"US President Donald Trump said Thursday that Washington would use Iranian funds already in its ""possession"" to cover any damage to ships or cargo in the Strait of Hormuz by strikes, Anadolu Agency reported.",https://www.globalsecurity.org/wmd/library/news/iran/2026/07/iran-260724-azertac01.htm
India plans crackdown on unregistered imported cosmetics,Livemint,2026-07-24T11:50:55Z,"The drug regulator has ordered states to tighten surveillance on imported cosmetics sold without registration certificates, targeting a $20 billion market.&nbsp;",https://www.livemint.com/industry/retail/india-plans-crackdown-on-unregistered-imported-cosmetics-11784888188018.html
Iranian cleric rejects US talks until behavior changes,Crypto Briefing,2026-07-24T11:44:48Z,"Iranian cleric rejects US negotiations until behavior changes. US-Iran deal with reconstruction funding in 2026 at 29% YES.
The post Iranian cleric rejects US talks until behavior changes appeared first on Crypto Briefing.",https://cryptobriefing.com/iranian-cleric-rejects-us-talks-until-behavior-changes/
"Indonesia, Arab nations condemn Israel over Al-Aqsa mosque actions",Antaranews.com,2026-07-24T11:43:29Z,Indonesian Foreign Minister Sugiono and his counterparts from seven Arab and Muslim-majority nations have strongly condemned Israel&#39;s recent escalations ...,https://en.antaranews.com/news/423949/indonesia-arab-nations-condemn-israel-over-al-aqsa-mosque-actions
India’s open market rice sale norms will likely help meet 20% ethanol blending target,BusinessLine,2026-07-24T11:41:00Z,India's new rice sale norms for ethanol production aim to achieve a 20% blending target while managing surplus stocks effectively.,https://www.thehindubusinessline.com/economy/agri-business/indias-open-market-rice-sale-norms-will-likely-help-meet-20-ethanol-blending-target/article71262018.ece
Trump’s 10% tariff blow that could work in India’s favour,The Times of India,2026-07-24T11:32:20Z,"The US Section 301 tariff has escalated cost challenges for Indian exporters, but it simultaneously provides a unique advantage. Competing nations are subjected to higher tariffs, allowing Indian goods to be more attractive. This favorable situation highlight…",https://economictimes.indiatimes.com/news/economy/foreign-trade/trump-10-percent-us-section-301-tariff-on-india-indian-exporters-fieo-trade-opportunity/articleshow/132603895.cms
"Only way India and Pakistan can meet at 2026 Asian Games cricket: Potential route to final, gold medal match in Aichi-Nagoya",Cricketnews.com,2026-07-24T11:30:24Z,"With this year's Asian Games about to include cricket, fans across the subcontinent are excited to take a look at the India vs. Pakistan match in Japan, but there is only one way for them to meet.",https://www.cricketnews.com/en/cricket/news/india-pakistan-meet-2026-asian-games-cricket-route-final-gold-medal/f100f9244c13dc31e2d904c1
Why Trump's 'forced labor' tariffs leave the world puzzled,DW (English),2026-07-24T11:01:00Z,"After the US Supreme Court struck down Donald Trump's emergency tariffs, the White House has turned to another trade law linked to alleged human rights abuses. DW explains the new tariffs and the debate surrounding them. Which countries will face Trump's new …",https://www.dw.com/en/why-trump-imposed-new-forced-labor-tariffs-on-60-economies/a-78093903
"Trump’s New Tariffs on Over 80 Countries, Explained",Time,2026-07-24T11:00:27Z,The new levies come after the Supreme Court struck down most of the Administration’s previous tariffs.,https://time.com/article/2026/07/24/trump-tariffs-forced-labor-explainer/
The incredible true story of the Liquid Bomb Plot: How Britain foiled terror attack more deadly than 9/11 as Islamic fanatics tried to smuggle explosives disguised as soft drinks on planes,Dailymail.com,2026-07-24T10:17:33Z,British-born Islamic fanatics wanted to smuggle liquid explosives disguised as soft drinks on board planes bound for the US and Canada and destroy them in the sky.,https://www.dailymail.com/news/article-15999103/Liquid-Bomb-Plot-Britain-foiled-terror-attack.html
Meet the Glasgow curry shop boss representing Pakistan at bowls,BBC News,2026-07-24T10:05:27Z,"Mohammed 'Chico' Qureshi has called Glasgow home for more than 50 years, but he will represent Pakistan against Scotland at the Commonwealth Games on Friday.",https://www.bbc.com/sport/articles/c0m71jvk2lwo?xtor=AL-72-%5Bpartner%5D-%5Byahoo.north.america%5D-%5Bheadline%5D-%5Bsport%5D-%5Bbizdev%5D-%5Bisapi%5D
Meet the Glasgow curry shop boss representing Pakistan at bowls,BBC News,2026-07-24T10:05:22Z,"Mohammed 'Chico' Qureshi has called Glasgow home for more than 50 years, but he will represent Pakistan against Scotland at the Commonwealth Games on Friday.",https://www.bbc.co.uk/sport/articles/c0m71jvk2lwo
Inside the unconventional FDA panel that could reshape the peptide industry,Business Insider,2026-07-24T10:05:01Z,An unconventional FDA panel is assessing the safety and efficacy of previously-banned peptides. It could open up a multibillion-dollar market.,https://www.businessinsider.com/rfk-convenes-unusual-fda-panel-to-assess-peptide-safety-issues-2026-7#article
So You Want To Put Boots On The Ground In Iran,Activistpost.com,2026-07-24T10:00:00Z,"As the war in Ukraine continues to reshape European security, tensions surrounding Iran and the Middle East intensify, and NATO members accelerate defence spending, the alliance is entering a more openly militarised phase. Behind the familiar language of dete…",https://www.activistpost.com/so-you-want-to-put-boots-on-the-ground-in-iran/
Ismaili Muslims ‘joyful’ as new Aga Khan makes first official visit to Calgary,CBC News,2026-07-24T10:00:00Z,"The Aga Khan, Prince Rahim al-Hussaini, is marking his first official visit to Calgary since becoming the 50th hereditary imam of the Shia Ismaili Muslims.",https://www.cbc.ca/news/canada/calgary/aga-khan-visit-calgary-ismaili-muslim-9.7281780
Comptroller Mark Levine’s truth telling could make him the real anti-Mamdani,New York Post,2026-07-24T10:00:00Z,"“We just have a shortage of supply of homes,” argued the comptroller. Yet “in rent-stabilized buildings, we have tens of thousands of apartments” sitting vacant because the laws make it too difficult for landlords to rent these units.",https://nypost.com/2026/07/24/opinion/comptroller-mark-levines-truth-telling-could-make-him-the-real-anti-mamdani/
Ambitious Yorkshire strengthen with Arlott signing,BBC News,2026-07-24T09:46:24Z,"Yorkshire sign England bowler Em Arlott from Warwickshire on a three-year-contract, starting next season.",https://www.bbc.com/sport/cricket/articles/cj4knvwxg9eo?xtor=AL-72-%5Bpartner%5D-%5Byahoo.north.america%5D-%5Bheadline%5D-%5Bsport%5D-%5Bbizdev%5D-%5Bisapi%5D
Ambitious Yorkshire strengthen with Arlott signing,BBC News,2026-07-24T09:46:19Z,"Yorkshire sign England bowler Em Arlott from Warwickshire on a three-year-contract, starting next season.",https://www.bbc.co.uk/sport/cricket/articles/cj4knvwxg9eo
Europe Faces Winter Gas Reckoning as Global Fight for LNG Brews,Financial Post,2026-07-24T09:45:05Z,A global fight for liquefied natural gas threatens to unravel Europe’s strategy of delaying winter purchases until the Strait of Hormuz reopens.,https://financialpost.com/pmn/business-pmn/europe-faces-winter-gas-reckoning-as-global-fight-for-lng-brews
Son Appeals For Imran Khan's Medical Care Amid Detention,Rediff.com,2026-07-24T09:15:38Z,"Imran Khan's son, Kasim Khan, has appealed to the international community for intervention regarding his father's urgent medical needs, claiming the former prime minister has been denied contact and proper healthcare during his 1,100-day incarceration in Paki…",https://www.rediff.com/sports/report/imran-khans-son-pleads-for-fathers-urgent-medical-care/20260724.htm
"Trump’s latest ‘forced labour tariffs’: Who’s been hit, how badly?",Al Jazeera English,2026-07-24T09:13:45Z,Countries accounting for almost all of the US's trade have been hit with tariffs between 10 and 12.5 percent.,https://www.aljazeera.com/economy/2026/7/24/trumps-latest-forced-labour-tariffs-whos-been-hit-how-badly
Ex-Coronation Street star Qasim Akhtar to receive ‘substantial damages’ after suing The Sun publisher,The-independent.com,2026-07-24T08:53:54Z,"Former ITV soap star said false claims ‘deeply affected me, my reputation, my family, my safety and my peace of mind’",https://www.the-independent.com/arts-entertainment/tv/news/qasim-akhtar-coronation-street-libel-b3020751.html
World Cup medal and LA Olympics hockey star Manpreet's last two goals,The Times of India,2026-07-24T08:17:59Z,"Veteran hockey player Manpreet Singh desires a World Cup medal.  He aims to achieve this before retiring after the 2028 Los Angeles Olympics.  India's last World Cup medal was in 1975, a jinx he hopes to break.",https://economictimes.indiatimes.com/news/sports/hockey/world-cup-medal-and-la-olympics-hockey-star-manpreets-last-two-goals/articleshow/132599978.cms
"Manpreet Singh Aims For World Cup Gold, Eyes LA 2028",Rediff.com,2026-07-24T08:00:38Z,"Veteran Indian hockey midfielder Manpreet Singh, despite numerous accolades including Olympic medals, is determined to win a World Cup medal before concluding his illustrious career after the 2028 Los Angeles Olympics. He believes in the team's potential to b…",https://www.rediff.com/sports/report/wc-medal-and-la-olympics-hockey-star-manpreets-last-two-goals/20260724.htm
Cricket at Asian Games 2026: India women take on Japan in quarterfinals,Sporting News,2026-07-24T07:35:45Z,"India Women take on Japan in the quarterfinals of cricket at the 2026 Asian Games. Get the match schedule, key players, and knockout scenario.",https://www.sportingnews.com/in/cricket/news/cricket-asian-games-2026-india-women-japan-quarterfinals/7ea826865a7f8237ebb75d8c
Pakistan in England 2027,BBC News,2026-07-24T07:05:02Z,"Fixtures for Pakistan's limited-overs tour of England, featuring five one-day internationals.",https://www.bbc.com/sport/cricket/articles/cg5ld6ye2m2o?xtor=AL-72-%5Bpartner%5D-%5Byahoo.north.america%5D-%5Bheadline%5D-%5Bsport%5D-%5Bbizdev%5D-%5Bisapi%5D
"The Zaharan Trail: How years of Radicalisation, Warnings and Missed Intervention Challenge the “Mastermind” Theory promoted by Cardinal & Church Elements",Sinhalanet.net,2026-07-24T07:00:18Z,"Cardinal Malcolm Ranjith and certain elements within the Church, particularly after 2021, have advanced the position that Easter Sunday was not solely the result of Islamist extremism but involved an external political actor who allegedly manipulated Zaharan …",https://www.sinhalanet.net/the-zaharan-trail-how-years-of-radicalisation-warnings-and-missed-intervention-challenge-the-mastermind-theory-promoted-by-cardinal-church-elements
pypsx 2.4.0,Pypi.org,2026-07-24T06:35:57Z,Pakistan Stock Exchange (PSX) Trading SDK for Paper Trading and Backtesting,https://pypi.org/project/pypsx/2.4.0/
"Pakistan, Iran explore path towards new talks with US in a China-initiated push, sources say",Biztoc.com,2026-07-24T17:30:44Z,"By Asif Shahzad and Mubasher Bukhari
ISLAMABAD, July 24 (Reuters) - Pakistan is exploring a path towards a resumption of stalled U.S.-Iran talks over ending their nearly five-month-old war, three Pakistani sources said, following a push initiated by China.
Ex…",https://biztoc.com/x/b16de73d59152671
"Trump: Russia, China are staying out of Iran war",Wnd.com,2026-07-24T17:43:10Z,"'Two major countries that people speak of often in terms of Iran are, in my opinion, not participating'",https://www.wnd.com/2026/07/trump-russia-china-are-staying-iran-war/
"European Stocks Gain on Earnings Boost, Robust Business Activity",Financial Post,2026-07-24T17:41:41Z,European stocks gained on Friday as upbeat earnings and stronger-than-expected business activity across the euro zone buoyed sentiment.,https://financialpost.com/pmn/business-pmn/european-stocks-gain-on-earnings-boost-robust-business-activity
Pakistan said to warn Iran against closing Bab el-Mandeb,Biztoc.com,2026-07-24T17:57:29Z,"Pakistani mediators supposedly warned Tehran against closing the Bab el-Mandeb Strait, Saudi media outlet Al-Hadath reported on Friday. The news outlet cited an unnamed senior official as saying that ...",https://biztoc.com/x/41a71a44011b7311
DeBasification… A Fancy Word For Booting The US Out Of The Middle East,Biztoc.com,2026-07-24T17:57:24Z,"By Larry C. Johnson via Ron Paul Institute for Peace and Prosperity | July 21, 2026
Tehran delivered to Washington via Pakistan in early April, a formalized demand for the withdrawal of US combat forces from military bases across the region. It sat in a packa…",https://biztoc.com/x/8a2dea5d573d5e52
Jensen Huang just used his first ever X post to warn the AI industry not to make the mistake that software narrowly avoided in the 1980s,Fortune,2026-07-24T17:51:54Z,"Xi Jinping has called for ""openness"" and ""a symphony of global cooperation,"" and it seems that Jensen Huang agrees.",https://fortune.com/2026/07/24/jensen-huang-open-source-letter-nvidia-kimi/
"Trump suggests larger military operation against Iran, sparking Washington debate",Crypto Briefing,2026-07-24T18:04:40Z,"Trump suggests a larger military operation against Iran, raising invasion odds. Invasion before 2027 at 28.5% YES.
The post Trump suggests larger military operation against Iran, sparking Washington debate appeared first on Crypto Briefing.",https://cryptobriefing.com/trump-suggests-larger-military-operation-against-iran-sparking-washington-debate/
"Coffee Break: Longevity, Quackitude, a Supplement that Works, and a Short Meditation on Orthodoxy",Nakedcapitalism.com,2026-07-24T18:00:43Z,"Part the First: What the Longevity Bros Miss: The Office of Science and Society (OSS) at McGill University is one of the best newsletters of its kind and has provided much to think about today’s Coffee Break.  In this first part, it is not too difficult to un…",https://www.nakedcapitalism.com/2026/07/coffee-break-longevity-quackitude-a-supplement-that-works-and-a-short-meditation-on-orthodoxy.html
Jadumani Singh Advances In Commonwealth Games Boxing,Rediff.com,2026-07-24T18:27:03Z,"Indian boxer Jadumani Singh secured a dominant unanimous decision victory against Scotland's Aaron Cullen in the men's 55kg category at the Commonwealth Games. Unburdened by previous weight-shedding struggles, Singh showcased superior technique and confidence…",https://www.rediff.com/sports/report/jadumani-singh-outclasses-opponent-at-commonwealth-games-1/20260724.htm
Jadumani Singh Advances In Commonwealth Games Boxing,Rediff.com,2026-07-24T18:25:48Z,"Indian boxer Jadumani Singh secured a dominant unanimous decision victory against Scotland's Aaron Cullen in the men's 55kg category at the Commonwealth Games. Unburdened by previous weight-shedding struggles, Singh showcased superior technique and confidence…",https://www.rediff.com/sports/report/jadumani-singh-outclasses-opponent-at-commonwealth-games/20260724.htm
"Strait of Hormuz traffic may not return to normal for 12 months or more, according to prediction markets",CNBC,2026-07-24T18:12:43Z,Kalshi traders give less than 50% odds that the key maritime passageway will fully reopen by July 2027.,https://www.cnbc.com/2026/07/24/odds-that-the-straits-traffic-returns-to-normal-drop-on-kalshi.html
Iran's Top Diplomat Berates World for 'Silence' Against America at China's Shanghai Cooperation Org,Breitbart News,2026-07-24T18:07:01Z,"Iran's top diplomat Abbas Araghchi condemned the ""international community"" on Friday for failing to support his country against the United States, addressing a foreign ministers meeting of the Shanghai Cooperation Organization (SCO) that he later claimed full…",https://www.breitbart.com/middle-east/2026/07/24/irans-top-diplomat-berates-world-for-silence-against-america-at-chinas-shanghai-cooperation-org/
US Pauses Iran Bombing Campaign As Saudi-Houthi Red Sea Front Erupts,Shtfplan.com,2026-07-25T17:30:41Z,"Brent crude surged 27% over two weeks to settle at $96.78 a barrel on Friday, briefly breaching $100 this past week as traders priced in a higher war-risk premium into energy markets amid simultaneous chokepoint threats to the Strait of Hormuz and the souther…",https://www.shtfplan.com/war/us-pauses-iran-bombing-campaign-as-saudi-houthi-red-sea-front-erupts
Families of Pak soldiers killed in Kargil still await remains buried in India,The Times of India,2026-07-25T17:14:54Z,"Families of Pakistani soldiers killed in the 1999 Kargil war still await remains, as India buried 244 of 249 recovered bodies after Pakistan refused to accept them.",https://timesofindia.indiatimes.com/city/dehradun/families-of-pak-soldiers-killed-in-kargil-still-await-remains-buried-in-india/articleshow/132630639.cms
Iran’s leaders at war with each other as hardliners push for wider conflict,New York Post,2026-07-25T16:20:35Z,"Iran's leaders are fighting each other almost as much as they're fighting the West, with some senior politicians scrambling to save US talks while the powerful Islamic Revolutionary Guard Corps leans into the renewed war, regional sources told The Post.",https://nypost.com/2026/07/25/world-news/irans-leaders-at-war-with-each-other-as-hardliners-push-for-wider-conflict/
Chef Qureshi's Unique Journey From Kitchen To Commonwealth Green,Rediff.com,2026-07-25T16:07:37Z,"Mohammed Ayub Qureshi, a 67-year-old Pakistani chef from Glasgow, represented his country in lawn bowls at the Commonwealth Games, showcasing a unique blend of his culinary passion and sporting dedication. Known as ""Chico"" in the bowls community and running t…",https://www.rediff.com/sports/report/glasgow-restaurateur-serves-up-sporting-spirit-at-cwg/20260725.htm
Mass protests in India: Here’s a timeline of agitations over the last two decades,BusinessLine,2026-07-25T15:29:00Z,"Explore two decades of mass protests in India, highlighting youth activism, anti-corruption efforts, and social justice movements.",https://www.thehindubusinessline.com/news/mass-protests-in-india-heres-a-timeline-of-agitations-over-the-last-two-decades/article71266889.ece
"India's 'cockroach' movement ousts minister, but can Modi calm youth?",NPR,2026-07-25T14:48:22Z,"Led by Gen-Z youth across India, the movement has become perhaps the biggest challenge to Prime Minister Narendra Modi during his 12 years in office",https://www.npr.org/2026/07/25/g-s1-135483/india-cockroach-movement
"1st Test Day 1, Live Score: West Indies opt to bat against Pakistan",The Times of India,2026-07-25T14:29:18Z,,https://timesofindia.indiatimes.com/sports/cricket/west-indies-vs-pakistan-wi-vs-pak-1st-test-live-score-commentary-trinidad/liveblog/132628605.cms
Can data collectives help strengthen vulnerable cultures in the face of AI?,Werd.io,2026-07-25T14:23:05Z,"""Data collectives and cooperatives, which let creators control the collection and distribution of their data, are emerging as preferred alternatives to big tech companies.""",https://werd.io/can-data-collectives-help-strengthen-vulnerable-cultures-in-the-face-of-ai/
Hardik Pandya fitness update: India all-rounder's rehab status and return date revealed,Cricketnews.com,2026-07-25T14:02:12Z,"With Hardik Pandya's fitness continuing to be in jeopardy, here's an update on the all-rounder's rehab and when he can be back with the Men in Blue.",https://www.cricketnews.com/en/cricket/news/hardik-pandya-fitness-update-rehab-status-return-date/908e357de85a3a15ebc111c3
Women property registrations jump 45% in Chhattisgarh after fee slash,The Times of India,2026-07-25T13:56:13Z,Chhattisgarh saw a 45% jump in women’s property registrations after cutting fees from 4% to 2%; women’s share of deeds rose from 32% to 41% by June 30.,https://timesofindia.indiatimes.com/city/raipur/women-property-registrations-jump-45-in-chhattisgarh-after-fee-slash/articleshow/132627639.cms
Beyond the medals at CWG: IOA medical team keeps Team India fighting fit in Glasgow,The Times of India,2026-07-25T13:52:14Z,"The Indian Olympic Association's medical team works diligently to keep athletes competition-ready. Dr. Dinshaw Pardiwala leads the unit, which manages injuries and recovery protocols. With athletes housed in three hotels, medical personnel are deployed for im…",https://timesofindia.indiatimes.com/sports/commonwealth-games/news/beyond-the-medals-at-cwg-2026-ioa-medical-team-keeps-team-india-fighting-fit-in-glasgow/articleshow/132627480.cms
TRI receives nine applications for Padma awards,The Times of India,2026-07-25T13:49:27Z,"TRI Ranchi receives nine Padma Awards 2027 applications from tribal communities; an internal committee will evaluate, verify and upload shortlisted names.",https://timesofindia.indiatimes.com/city/ranchi/tri-receives-nine-applications-for-padma-awards/articleshow/132627408.cms
Trumpiana: 2020 is forever!,The Times of India,2026-07-25T13:47:51Z,"US News: Amid an unpopular war, Trump remains focused on a few beautiful thingsCall it hindsight, foresight or whatever, Donald Trump has a clear 20/20 vision .",https://timesofindia.indiatimes.com/world/us/trumpiana-2020-is-forever/articleshow/132626641.cms
"Tilak Varma overtakes MS Dhoni, Suresh Raina in Indian T20I run-scoring charts",The Times of India,2026-07-25T13:47:51Z,Tilak Varma has become India's seventh-highest T20I run-scorer. He surpassed MS Dhoni and Suresh Raina with his recent performance. Varma achieved this milestone during the second T20I against Zimbabwe. He scored an unbeaten 60 runs off just 29 balls. India p…,https://economictimes.indiatimes.com/news/sports/cricket/tilak-varma-overtakes-ms-dhoni-suresh-raina-in-indian-t20i-run-scoring-charts/articleshow/132627204.cms
Burdwan med college bans all protests on campus after strike call,The Times of India,2026-07-25T13:46:41Z,"Burdwan Medical College issues advisory banning all protests, rallies and sit-ins campus-wide after students called a 12-hour hunger strike over NEET leak.",https://timesofindia.indiatimes.com/city/kolkata/burdwan-med-college-bans-all-protests-on-campus-after-strike-call/articleshow/132627335.cms
"Contractor, engg booked after gallery collapse injures 6 workers",The Times of India,2026-07-25T13:46:33Z,Mapusa police filed an FIR against contractor Avub Inamdar and engineer Gunjesh Naik after a gallery collapse injured six workers; probe underway under BNS 2023.,https://timesofindia.indiatimes.com/city/goa/contractor-engg-booked-after-gallery-collapse-injures-6-workers/articleshow/132627327.cms
Iran vows to target US interests until ‘complete surrender’,Crypto Briefing,2026-07-25T13:41:04Z,"Iran vows to target U.S. interests until surrender. Reconstruction funding in a U.S.-Iran deal by 2026 at 29% YES.
The post Iran vows to target US interests until ‘complete surrender’ appeared first on Crypto Briefing.",https://cryptobriefing.com/iran-vows-to-target-us-interests-until-complete-surrender/
"WI vs PAK 1st Test 2026 umpires: Full list of match officials for West Indies vs Pakistan Test at Brian Lara Stadium, Tarouba",Cricketnews.com,2026-07-25T13:16:29Z,"With the first Test between the West Indies and Pakistan about to kick off today, here's a look at the match officials and umpires for the game.",https://www.cricketnews.com/en/cricket/news/wi-vs-pak-1st-test-umpires-match-officials-brian-lara-stadium-tarouba/f3c0ca2ae999c7d769f40a91
Why aren't oil prices higher? Staggering drop in energy demand leaves strategists puzzled. - Yahoo Finance,Slashdot.org,2026-07-25T13:13:12Z,Why aren't oil prices higher? Staggering drop in energy demand leaves strategists puzzled.Yahoo Finance A dangerous new phase of war is breaking all the oil market’s constraintsCNN Why Trump is facing his biggest danger from rising oil prices since the war be…,https://slashdot.org/firehose.pl?op=view&amp;id=184681544
"Tarouba, Trinidad weather forecast: Day-by-Day rain chances for West Indies vs Pakistan 1st Test 2026",Cricketnews.com,2026-07-25T12:26:43Z,"Get the day-by-day Tarouba, Trinidad weather forecast and hourly rain probability for the West Indies vs Pakistan 1st Test at Brian Lara Cricket Academy.",https://www.cricketnews.com/en/cricket/news/tarouba-trinidad-weather-day-rain-chances-wi-vs-pak-1st-test-2026/c0c03fca2c4070682db8cb26
"WI vs PAK 1st Test session timings: Start times, lunch and tea breaks for West Indies vs Pakistan 2026 at Tarouba",Cricketnews.com,2026-07-25T12:25:14Z,"Pakistan begin their 2026 Test series against West Indies at Tarouba. Here's the full daily schedule, including match start times and the lunch and tea intervals for the opening Test.",https://www.cricketnews.com/en/cricket/news/wi-vs-pak-1st-test-session-timings-start-times-lunch-tea-break/fd75e38d0fa41faaeba76748
"How to watch West Indies vs Pakistan Test series 2026 live: Start time, TV channels and streaming details for WI vs PAK Tests",Cricketnews.com,2026-07-25T12:24:22Z,"With the West Indies vs Pakistan series about to happen in full glory, here's how you can watch the game live without missing a single over.",https://www.cricketnews.com/en/cricket/news/watch-west-indies-vs-pakistan-test-series-2026-live-start-time-tv-streaming/c7992f7440f28c88dac48dd5
Attacks On Chinese Projects Test China-Pakistan 'Iron Brotherhood' In Balochistan,Globalsecurity.org,2026-07-25T12:00:00Z,"For China, Pakistan's Balochistan represents a massive investment that's a crucial part of its touted Belt and Road Initiative. Its flagship project, the China-Pakistan Economic Corridor (CPEC), has garnered some $65 billion in funding from Beijing for everyt…",https://www.globalsecurity.org/wmd/library/news/pakistan/2026/pakistan-260725-rferl01.htm
Pakistan Leads Fresh Push For US-Iran Talks Amid Widening Conflict,Globalsecurity.org,2026-07-25T12:00:00Z,"With the US-Iran conflict escalating in recent weeks, there have been reports of a fresh push by Pakistan to bring the warring sides to the negotiation table.",https://www.globalsecurity.org/wmd/library/news/iran/2026/07/iran-260725-rferl02.htm
The OIC General Secretariat Condemns Terrorist Attack on Security Checkpoint in the Islamic Republic of Pakistan,Globalsecurity.org,2026-07-25T12:00:00Z,"The General Secretariat of the Organisation of Islamic Cooperation condemned the terrorist attack targeting a security checkpoint in Khyber Pakhtunkhwa province, northwestern Islamic Republic of Pakistan, resulting in the death and injury of several soldiers …",https://www.globalsecurity.org/wmd/library/news/pakistan/2026/pakistan-260725-oic01.htm
Pakistan Hockey Team's Extra Player Blunder,Rediff.com,2026-07-25T11:55:33Z,Pakistan's hockey team faced embarrassment in a five-a-side match against India in Muscat when umpires penalised them for fielding six players instead of five. This led to India scoring 8 goals. The incident has prompted the Pakistan Hockey Federation Preside…,https://www.rediff.com/sports/report/pakistan-hockey-team-penalized-for-six-players-vs-india/20260725.htm
Jammu court directs Pakistan-based terror handler to appear by August 21,The Times of India,2026-07-25T11:18:05Z,Jammu and Kashmir Police executed a special court proclamation against a terror handler.  The proclamation directs the wanted terrorist to appear by August twenty-first.  This action relates to twin bomb blasts which occurred in Katra and Narwal.  The accused…,https://economictimes.indiatimes.com/news/india/jammu-court-directs-pakistan-based-terror-handler-to-appear-by-august-21/articleshow/132624283.cms
45% of India’s exports to US out of 10% section 301 tariffs: Govt,The Times of India,2026-07-25T11:12:16Z,The US has placed India in a lower tariff bracket of ten percent. Approximately forty-five percent of India's exports to the US remain outside this additional duty. The remaining fifty-five percent of exports will attract the ten percent additional duty. Indi…,https://economictimes.indiatimes.com/news/economy/foreign-trade/45-of-indias-exports-to-us-out-of-10-section-301-tariffs-govt/articleshow/132624297.cms
Links 7/25/2026,Nakedcapitalism.com,2026-07-25T10:59:24Z,"Our anxious daily links: Trump TACOs for now, oil manipulation weakening? China live fire drills, camels' heat shock. raw milks, US measles spike, ICC prosecutor fired, Black Sea shipping suspended, Europe LNG stress, tarrif howling, AI not increasing product…",https://www.nakedcapitalism.com/2026/07/links-7-25-2026.html
"Shehnaaz Gill on love: Whether it's complete or not, it shouldn't matter",The Times of India,2026-07-25T10:58:18Z,Actress Shehnaaz Gill advocates for embracing the present moment and living happily. She believes love stories are powerful and can transcend political boundaries. Her film Ishqnama explores love and sacrifice across the India-Pakistan border. This period rom…,https://timesofindia.indiatimes.com/tv/news/hindi/shehnaaz-gill-on-love-whether-its-complete-or-not-it-shouldnt-matter/articleshow/132624054.cms
Saudi military strikes Houthi targets in Yemen after the Iran-backed militia attacked Red Sea shipping,CNBC,2026-07-25T10:22:58Z,"Saudi Arabia intercepted two ballistic missiles from Yemen, Greek security sources told Reuters, as fighting in a second front in the Iran war escalates.",https://www.cnbc.com/2026/07/25/saudi-military-strikes-iran-backed-houthi-targets-yemen.html
Weekend reads: Young girl’s death after gene therapy never made public; FDA retracts lettuce test result; ADA delays editorial publication after controversy,Retractionwatch.com,2026-07-25T10:00:00Z,"If your week flew by — we know ours did — catch up here with what you might have missed. The week at Retraction Watch featured: In case you missed the news, the Hijacked Journal Checker now has more than 450 entries. The Retraction Watch Database has over 66,…",https://retractionwatch.com/2026/07/25/weekend-reads-young-girls-death-after-gene-therapy-never-made-public-fda-retracts-lettuce-test-result-ada-delays-editorial-publication-after-controversy/
Delhi Police monitoring social media for fake posts linked to Jantar Mantar protest,BusinessLine,2026-07-25T09:43:41Z,Delhi Police is monitoring social media for false narratives linked to the Jantar Mantar protest to prevent public panic.,https://www.thehindubusinessline.com/news/delhi-police-monitoring-social-media-for-fake-posts-linked-to-jantar-mantar-protest/article71265778.ece
Chinese Foreign Minister urges early resumption of talks on Gulf tensions; Iran thanks China for peace efforts,Globalsecurity.org,2026-07-25T09:40:28Z,Chinese Foreign Minister Wang Yi called for an early resumption of dialogue and negotiations among the relevant parties and the proper handling of issues concerning the Strait of Hormuz during a meeting with Iranian Foreign Minister Seyed Abbas Araghchi in Ky…,https://www.globalsecurity.org/wmd/library/news/iran/2026/07/iran-260725-globaltimes01.htm
"Trump Says Iran 'Far More Serious' In Talks, Even As Attacks Intensify, Widen In Region",Globalsecurity.org,2026-07-25T09:40:28Z,"US President Donald Trump said Washington and Tehran were still conducting negotiations to end their conflict -- even as attacks intensified throughout the region, further threatening to widen the conflict into a full-blown Middle East war.",https://www.globalsecurity.org/military/library/news/2026/07/mil-260725-rferl01.htm
"I plan $100,000 adventures for the ultra-rich. You can have a once-in-a-lifetime trip without a billionaire budget.",Business Insider,2026-07-25T09:30:01Z,"The founder of a superluxury travel agency said clients have access to superior logistics and accommodation, but you can have amazing adventures without a billionaire's budget.",https://www.businessinsider.com/superluxury-adventure-travel-agency-once-in-a-lifetime-trip-budget-2026-7#article
Missiles launched from Yemen at Saudi oil refineries have been ‘shot down’,The Irish Times,2026-07-25T08:34:49Z,"Iran-backed Houthis targeting kingdom, which has been diverting oil to skirt Tehran’s Strait of Hormuz blockade",https://www.irishtimes.com/world/middle-east/2026/07/25/missiles-launched-from-yemen-at-saudi-oil-refineries-have-been-shot-down/
Missiles targeting Saudi oil refineries shot down,The Times of India,2026-07-25T08:19:47Z,Saudi Arabia intercepted two ballistic missiles from Yemen targeting oil refineries in Yanbu. U.S. forces launched air strikes on Iran after Houthi attacks on Saudi tankers. President Trump vowed major military punishment for Iran and its Houthi allies. The S…,https://economictimes.indiatimes.com/news/defence/missiles-targeting-saudi-oil-refineries-shot-down/articleshow/132621743.cms
Attacks On Chinese Projects Test China-Pakistan 'Iron Brotherhood' In Balochistan,Radio Free Europe/ Radio Liberty,2026-07-25T08:12:05Z,"China's investments in Pakistan's Balochistan are increasingly at risk as attacks by separatists are on the rise in the impoverished region. The worsening security situation has strained ties between the Iron Brothers, raising concerns over the future of Beij…",https://www.rferl.org/a/pakistan-china-balochistan-investments-attacks/33812355.html
Coach Fulton Eyes Historic World Cup Win For Indian Hockey,Rediff.com,2026-07-25T06:53:34Z,"Indian men's hockey team chief coach Craig Fulton is focused on ending the 51-year World Cup medal drought, aiming for consistency and a strong performance at the upcoming tournament in the Netherlands and Belgium. He discusses squad selection, the importance…",https://www.rediff.com/sports/report/coach-fulton-determined-to-end-indias-hockey-world-cup-jinx/20260725.htm
"CWG 2026: Ashok Kumar Malik narrowly misses out on medal in para powerlifting, finishes 4th",The Times of India,2026-07-25T06:38:19Z,Commonwealth Games News: India missed opening their account in the points tally as Ashok Kumar Malik finished out of the podium in the men’s lightweight para powerlifting even.,https://timesofindia.indiatimes.com/sports/commonwealth-games/news/cwg-2026-ashok-kumar-malik-narrowly-misses-out-on-medal-in-para-powerlifting-finishes-4th/articleshow/132620518.cms
"One small step for Hyderabad, one giant leap for Vikram-1",The Times of India,2026-07-25T06:24:48Z,"Skyroot Aerospace's successful orbital launch marks a significant milestone for India's private space sector. This achievement highlights Hyderabad's growing spacetech ecosystem, which includes research and manufacturing capabilities. The city's interconnecte…",https://timesofindia.indiatimes.com/city/hyderabad/one-small-step-for-hyderabad-one-giant-leap-for-vikram-1/articleshow/132619625.cms
"Deepika Singh reacts after being accused of receiving VIP treatment at Vrindavan, ignoring elderly devotees",The Times of India,2026-07-25T06:22:40Z,"Television star Deepika Singh addressed online criticism regarding her Vrindavan visit. She shared a video to disprove claims of receiving VIP treatment. The footage showed other devotees receiving prasad, countering allegations of neglect. Singh stated that …",https://timesofindia.indiatimes.com/tv/news/hindi/deepika-singh-reacts-after-being-accused-of-receiving-vip-treatment-at-vrindavan-ignoring-elderly-devotees/articleshow/132620238.cms
Robin Uthappa blames Babar Azam's lack of Virat Kohli-like mental resilience for batting slump amid 'abuse and disrespect',Cricketnews.com,2026-07-25T06:19:46Z,"Robin Uthappa explains why Babar Azam is struggling to bounce back from his batting slump, comparing his mental resilience to Virat Kohli amid fans' abuse.",https://www.cricketnews.com/en/cricket/news/robin-uthappa-babar-azam-lack-virat-kohli-mental-resilience-batting/61395d3fe1c8ebd77e36e42e
Azerbaijani oil scales down in price,Trend.az,2026-07-25T06:11:37Z,"BAKU, Azerbaijan, July 25. The price of Azerbaijan's Azeri Light crude oil on a CIF basis at Italy's Augusta port decreased by $6.37, or 5.84%, from the previous session to $102.73 per barrel, a…",https://www.trend.az/business/energy/4209824.html
Trump's tariffs just went from 12.5% to 10%: Why did India get a breather and what it means?,The Times of India,2026-07-25T05:54:31Z,"The United States has reduced tariffs on most Indian exports to ten percent. This change follows India's recent actions against forced labour imports. Indian exporters now face a more competitive position against other nations. However, some sectors will stil…",https://economictimes.indiatimes.com/news/economy/foreign-trade/trumps-tariffs-just-went-from-12-5-to-10-why-did-india-get-a-breather-and-what-it-means/articleshow/132619690.cms
"CWG 2026: No ban on handshakes with Pakistan players, receiving gifts forbidden",The Times of India,2026-07-25T05:52:06Z,Commonwealth Games News: NEW DELHI: Indian athletes will be free to decide for themselves whether to shake hands or exchange pleasantries with their Pakistani counterparts dur.,https://timesofindia.indiatimes.com/sports/commonwealth-games/news/cwg-2026-no-ban-on-handshakes-with-pakistan-players-receiving-gifts-forbidden/articleshow/132619807.cms
Crude oil prices rise 10% this week but China enters fray to push for end to Iran war. What’s next?,The Times of India,2026-07-25T04:35:15Z,"Crude oil futures experienced a significant decline on Friday. This drop followed reports of China's initiative to restart stalled US-Iran peace negotiations. Despite the fall, both Brent and West Texas Intermediate crude are set for weekly gains. Geopolitica…",https://economictimes.indiatimes.com/markets/commodities/news/crude-oil-prices-rise-10-this-week-but-china-enters-fray-to-push-for-end-to-iran-war-whats-next/articleshow/132619080.cms
"News Summary-Intelligence Report 7/24/2026*Newsdump Friday*Ebola Vax Test*China Hits Back EU Russia Sanctions*Sexual Misconduct Firing Netanyahu Arrest Warrant*Trumpanyahu Meet*Deadly Fight, Israeli Crackdown*Fires France, Spain*War Deaths Altered*",Freerepublic.com,2026-07-25T04:02:08Z,"Two airlines cancelling flights to Israel...concern for possible escalation of the Iran War... Trump speaking at the rescheduled White House Correspondents Dinner...donning a ""Trump 2028"" hat... preliminary hearing in Los Angeles...14-year-old girl...texted a…",https://freerepublic.com/focus/f-bloggers/4389281/posts
Shoaib Akhtar likens himself to Brazilian icon Ronaldo Nazario if he swapped Pakistan cricket to play football,Cricketnews.com,2026-07-25T03:52:34Z,Former Pakistan speedster Shoaib Akhtar claims he would have played like Brazilian legend Ronaldo Nazario had he chosen football over international cricket.,https://www.cricketnews.com/en/cricket/news/shoaib-akhtar-brazilian-ronaldo-nazario-pakistan-cricket-football/a8907afaa907e84e21f7aea7
"Pakistan, Iran explore fresh talks with US in China-initiated push: Report",The Times of India,2026-07-25T02:48:00Z,"Middle East News: ISLAMABAD: Pakistan is exploring a path towards a resumption of stalled US-Iran talks over ending their nearly five-month-old war, three Pakistani sou.",https://timesofindia.indiatimes.com/world/middle-east/pakistan-iran-explore-fresh-talks-with-us-in-china-initiated-push-report/articleshow/132617938.cms
Trump: US ready for intensified strikes on Iran amid Gulf state attacks,Crypto Briefing,2026-07-25T02:22:46Z,"Trump signals readiness for intensified strikes on Iran. Reconstruction funding in a US-Iran deal by 2026 at 29.5% YES.
The post Trump: US ready for intensified strikes on Iran amid Gulf state attacks appeared first on Crypto Briefing.",https://cryptobriefing.com/trump-us-ready-for-intensified-strikes-on-iran-amid-gulf-state-attacks/
'Will not bow to US bullying': Iran rejects Washington's pressure tactics at SCO summit,The Times of India,2026-07-25T02:19:01Z,"Iran's Foreign Minister Abbas Araghchi stated Tehran will not yield to American pressure or intimidation. He asserted that the United States relies on coercion, which is the main barrier to dialogue. Araghchi emphasized protecting Iranian interests and people…",https://economictimes.indiatimes.com/news/international/world-news/will-not-bow-to-us-bullying-iran-rejects-washingtons-pressure-tactics-at-sco-summit/articleshow/132617743.cms
Trump Says He Is 'Close' to Ordering Massive Attack on Iran as Pakistan Reportedly Pushes to Revive Peace,Biztoc.com,2026-07-25T02:14:27Z,Trump said he is close to ordering a massive strike on Iran as Pakistan reportedly pushes to restart U.S.-Iran peace talks.,https://biztoc.com/x/a8d5a7364c2deb77
Trump Meets With Top Advisers as He Weighs a Major Escalation in Iran - The New York Times,Slashdot.org,2026-07-25T02:13:04Z,Trump Meets With Top Advisers as He Weighs a Major Escalation in IranThe New York Times Crude oil prices shoot up after Red Sea joins Strait of Hormuz as Iran war's second choke pointFox News U.S. launches new strikes and Trump threatens ‘massive attack’ as I…,https://slashdot.org/firehose.pl?op=view&amp;id=184673350
Trump’s new tariffs prompt lawsuit from small businesses,The Times of India,2026-07-25T01:24:13Z,"The Trump administration faces two new lawsuits challenging its latest global tariffs of 10%-12.5%, imposed under Section 301 of the Trade Act. Small businesses argue the tariffs unlawfully revive measures previously struck down by the US Supreme Court and fa…",https://economictimes.indiatimes.com/news/international/business/trumps-new-tariffs-prompt-lawsuit-from-small-businesses/articleshow/132617404.cms
US military says it fired on another merchant vessel trying to breach its blockade of Iranian ports,The Times of India,2026-07-25T00:53:30Z,"The US disabled a second merchant vessel enforcing its blockade of Iranian ports as Iran targeted US-linked bases across the Gulf. Fighting intensified for a 13th consecutive night, with Saudi-Houthi clashes worsening regional tensions. Despite renewed diplom…",https://economictimes.indiatimes.com/news/defence/us-military-says-it-fired-on-another-merchant-vessel-trying-to-breach-its-blockade-of-iranian-ports/articleshow/132617321.cms
"Rich countries harvest 20,000 Nigerian health workers",The Punch,2026-07-25T00:49:49Z,"Official figures reveal over 20,000 Nigerian health workers, including doctors and nurses, relocated abroad within one year. Discover the reasons behind th

Read More: https://punchng.com/rich-countries-harvest-20000-nigerian-health-workers/",https://punchng.com/rich-countries-harvest-20000-nigerian-health-workers/
US missiles hit Iran as path towards de-escalation uncertain,The Times of India,2026-07-25T00:44:16Z,"US missiles struck targets across Iran on Friday, escalating regional tensions. President Trump vowed major military punishment for Tehran and its Houthi allies. Iran responded by firing at US bases in neighboring Arab countries. The conflict has disrupted gl…",https://economictimes.indiatimes.com/news/defence/us-missiles-hit-iran-as-path-towards-de-escalation-uncertain/articleshow/132617297.cms
"Bad cholesterol diagnosis turned me into a marathon runner — Guinness World Records holder, Akinbode",The Punch,2026-07-25T00:35:02Z,"Discover how a bad cholesterol diagnosis transformed Dayo Akinbode, a Guinness World Records holder, into a passionate marathon runner and sports tourism p

Read More: https://punchng.com/bad-cholesterol-diagnosis-turned-me-into-a-marathon-runner-guinness-wor…",https://punchng.com/bad-cholesterol-diagnosis-turned-me-into-a-marathon-runner-guinness-world-records-holder-akinbode/
US stocks stabilize as oil retreats on peace talk hopes,Crypto Briefing,2026-07-25T00:30:50Z,"US stocks stabilize as oil prices retreat on peace talk hopes. New all-time high for crude oil by September 30 at 9.3% YES.
The post US stocks stabilize as oil retreats on peace talk hopes appeared first on Crypto Briefing.",https://cryptobriefing.com/us-stocks-stabilize-as-oil-retreats-on-peace-talk-hopes/
US may gain control of Iranian uranium by year’s end amid tensions,Crypto Briefing,2026-07-25T00:07:17Z,"US may gain control of Iranian uranium by year's end. Uranium enrichment cap in US-Iran deal by 2026 at 30% YES.
The post US may gain control of Iranian uranium by year’s end amid tensions appeared first on Crypto Briefing.",https://cryptobriefing.com/us-may-gain-control-of-iranian-uranium-by-years-end-amid-tensions/
"Trump Says Iran 'Far More Serious' In Talks, Even As Attacks Intensify, Widen In Region",Radio Free Europe/ Radio Liberty,2026-07-24T23:02:42Z,"US President Donald ⁠Trump ⁠said Washington and Tehran were still conducting negotiations to end their conflict -- even as attacks intensified throughout the region, further threatening to widen the conflict into a full-blown Middle East war.",https://www.rferl.org/a/iran-talks-houthi-yemen-gulf-trump/33812472.html
Businesses sue Trump as he defends 'very standard tariffs',ABC News (AU),2026-07-24T23:02:16Z,"Two small US businesses sue the US president to try to stop him from placing new tariffs on imports from scores of countries, including Australia.",https://www.abc.net.au/news/2026-07-25/businesses-sue-donald-trump-over-new-forced-labour-tariffs/106957762
On the Line: Social Audits Are Failing Pakistan’s Garment Workers,WWD,2026-07-24T21:33:39Z,"Also in this edition: Factory fires keep erupting, extreme heat is costing India’s informal workers billions in lost wages, another factory on the Thai-Cambodian border closes, and how to make sure Section 301 tariffs work.",http://wwd.com/sourcing-journal/sustainability/one-the-line-pakistan-audit-failure-vietnam-fire-tariffs-1239082401/
Trump frustrated as Iran conflict extends beyond five months,Crypto Briefing,2026-07-24T20:52:30Z,"Trump expresses frustration over the extended Iran conflict. Reconstruction funding in a US-Iran deal by 2026 at 29% YES.
The post Trump frustrated as Iran conflict extends beyond five months appeared first on Crypto Briefing.",https://cryptobriefing.com/trump-frustrated-as-iran-conflict-extends-beyond-five-months/
Trump warns of grave consequences if Iran acquires nuclear weapons,Crypto Briefing,2026-07-24T20:44:18Z,"Trump warns of grave consequences if Iran acquires nuclear weapons. U.S.-Iran deal including reconstruction funding in 2026 at 29% YES.
The post Trump warns of grave consequences if Iran acquires nuclear weapons appeared first on Crypto Briefing.",https://cryptobriefing.com/trump-warns-of-grave-consequences-if-iran-acquires-nuclear-weapons/
Prominent political cleavage: The IRGC and the collapse of the Strait of Hormuz deal,Wnd.com,2026-07-24T20:40:17Z,'Hardliners appear to be acting outside the authority of the civilian leadership' in divided nation,https://www.wnd.com/2026/07/prominent-political-cleavage-irgc-collapse-strait-hormuz-deal/
Brent Pulls Back From $100,Rigzone,2026-07-24T20:29:29Z,Crude declined after reports on US-Iran diplomacy and continued Red Sea oil flows reduced immediate supply concerns.,https://www.rigzone.com/news/wire/brent_pulls_back_from_100-24-jul-2026-184215-article/
Iran War Live Updates: Strikes Continue After Iran Is Said to Reject U.S. Proposal - The New York Times,Slashdot.org,2026-07-24T19:53:40Z,"Iran War Live Updates: Strikes Continue After Iran Is Said to Reject U.S. ProposalThe New York Times Crude oil prices shoot up after Red Sea joins Strait of Hormuz as Iran war's second choke pointFox News Trump meeting with senior advisers, cabinet members ov…",https://slashdot.org/firehose.pl?op=view&amp;id=184658940
Jadumani Singh Advances In Commonwealth Games Boxing,Rediff.com,2026-07-24T19:50:36Z,"Indian boxer Jadumani Singh secured a dominant unanimous decision victory against Scotland's Aaron Cullen in the men's 55kg category at the Commonwealth Games. Unburdened by previous weight-shedding struggles, Singh showcased superior technique and confidence…",https://www.rediff.com/sports/report/jadumani-singh-dominates-commonwealth-games-after-weight-cut/20260725.htm
"UNESCO lists world heritage sites in Lebanon, West Bank as in danger",The Times of India,2026-07-24T19:17:40Z,UNESCO has placed Beaufort Castle in Lebanon and Sebastia in the West Bank on its endangered list.  The Lebanese castle faces threats from ongoing conflict and Israeli military actions.  Sebastia's integrity is endangered by Israeli expropriation and developm…,https://economictimes.indiatimes.com/news/international/world-news/unesco-lists-world-heritage-sites-in-lebanon-west-bank-as-in-danger/articleshow/132614154.cms
Car bomb attack kills 27 in northwest Pakistan,Al Jazeera English,2026-07-24T19:16:18Z,The Pakistani Taliban said four suicide bombers carried out the assault in the country's northwest.,https://www.aljazeera.com/news/2026/7/24/car-bomb-attack-kills-27-in-northwest-pakistan
Crude oil prices shoot up after Red Sea joins Strait of Hormuz as Iran war's second choke point - Fox News,Slashdot.org,2026-07-24T18:53:16Z,Crude oil prices shoot up after Red Sea joins Strait of Hormuz as Iran war's second choke pointFox News Trump Wants to Use Frozen Iranian Funds to Cover for Attacks on ShipsWWD Trump considers ‘massive attack’ on Iran; Pakistan reportedly seeks to restart sta…,https://slashdot.org/firehose.pl?op=view&amp;id=184656190
India's Strong Start At Youth Hockey5s Asian Championship,Rediff.com,2026-07-24T18:45:41Z,"The Indian sub-junior boys' hockey team secured dominant victories against arch-rivals Pakistan (7-3) and hosts Oman (10-1) at the FIH Youth Hockey5s Asian Championship. Meanwhile, the Indian sub-junior girls' team fought hard but lost 3-6 to China in their E…",https://www.rediff.com/sports/report/india-beats-pakistan-oman-in-youth-hockey5s-asian-championship/20260725.htm
Kuldeep Yadav at Yorkshire: Tracking every One-Day Cup performance by India spinner after 2026 England ODI snub,Cricketnews.com,2026-07-24T18:33:40Z,"With the 2027 ICC World Cup less than a year away, Kuldeep Yadav has signed with the Yorkshire county cricket club after failing to make it into India's XI during the England ODI tour.",https://www.cricketnews.com/en/cricket/news/kuldeep-yadav-yorkshire-one-day-cup-county-performance-india-spinner/c5df967c59b48855a00dae56
"Pakistan, Iran explore path towards new talks with US in a China-initiated push, sources say - Reuters",Slashdot.org,2026-07-24T18:32:31Z,"Pakistan, Iran explore path towards new talks with US in a China-initiated push, sources sayReuters Pakistan thought it won the peace. Now, it could be dragged into war.Responsible Statecraft Pakistan’s role in brokering Iran deal; will Iranian hardliners let…",https://slashdot.org/firehose.pl?op=view&amp;id=184655350
"Pakistan, Iran explore path towards new talks with US in a China-initiated push, sources say",Yahoo Entertainment,2026-07-24T17:15:48Z,"(Changes story date to July 24) By Asif Shahzad and Mubasher Bukhari ISLAMABAD, July 24 (Reuters) - Pakistan is exploring a path towards a resumption of stal...",https://www.yahoo.com/news/articles/pakistan-iran-explore-path-towards-151520155.html
"Ukraine strikes Iranian vessels in Caspian Sea, Tehran accuses Kyiv of 'hostile and criminal act'",CNBC,2026-07-26T10:14:39Z,"The latest attacks by Ukraine, combined with Saudi military strikes on Iran-backed Houthi targets in Yemen, represent a widening of the Middle East conflict.",https://www.cnbc.com/2026/07/26/ukraine-strikes-iranian-vessels-tehran-accuses-kyiv-of-hostile-act.html
"""I accept it with humility"": Pralhad Joshi assumes charge as Union education minister",The Times of India,2026-07-26T09:46:38Z,Pralhad Joshi has formally assumed charge as the Union Minister for Education. This leadership change follows the resignation of former minister Dharmendra Pradhan. The ministry faces scrutiny over competitive examination irregularities and student demands. J…,https://timesofindia.indiatimes.com/education/news/i-accept-it-with-humility-pralhad-joshi-assumes-charge-as-union-education-minister/articleshow/132639204.cms
"India Test squad hit by injury crisis ahead of Sri Lanka tour; Bumrah, Sundar face fitness race",The Times of India,2026-07-26T09:32:04Z,Several key Indian players face fitness issues ahead of the Sri Lanka Test tour. Washington Sundar and Jasprit Bumrah are among those with injury concerns. Sai Sudharsan is also likely to be picked subject to his recovery. Harshit Rana and Nitish Kumar Reddy …,https://timesofindia.indiatimes.com/sports/cricket/news/india-test-squad-hit-by-injury-crisis-ahead-of-sri-lanka-tour-bumrah-sundar-face-fitness-race/articleshow/132639090.cms
Op Sindoor is proof of India’s capability to respond decisively to Paki’s every misadventure: Rajnath in Drass on 27th Kargil Vijay Diwas,The Times of India,2026-07-26T09:27:41Z,"Defence Minister Rajnath Singh affirmed that India will take stern action against any provocations from Pakistan. He highlighted a firm stance with no discussions planned with Pakistan, concentrating operations in Pakistan-occupied Kashmir. While India enhanc…",https://timesofindia.indiatimes.com/defence/news/op-sindoor-is-proof-of-indias-capability-to-respond-decisively-to-pakis-every-misadventure-rajnath-in-drass-on-27th-kargil-vijay-diwas/articleshow/132638979.cms
Demon Slayer: Infinity Castle OTT release this week: Check date and country-wise streaming time,The Times of India,2026-07-26T09:20:33Z,"Demon Slayer: Kimetsu no Yaiba Infinity Castle I arrives on Crunchyroll globally July 28, 2026. The highly anticipated anime movie will be available with multiple dubbed and subtitled language options. Fans in India can stream the film starting at 8:30 PM IST…",https://economictimes.indiatimes.com/news/new-updates/demon-slayer-infinity-castle-ott-release-this-week-check-date-and-country-wise-streaming-time/articleshow/132638927.cms
Can Neeraj Chopra beat Arshad Nadeem at CWG 2026?,Rediff.com,2026-07-26T09:15:35Z,"India's Neeraj Chopra will face reigning Olympic champion Arshad Nadeem of Pakistan and Sri Lanka's Rumesh Tharanga Pathirage in a highly anticipated men's javelin clash at the Commonwealth Games, as India aims to surpass its previous medal tally in athletics.",https://www.rediff.com/sports/report/can-neeraj-chopra-beat-arshad-nadeem-at-cwg-2026/20260726.htm
'Yeh Dil Maange More': Kargil hero Capt Vikram Batra’s brother captures 24-yr-old’s life and sacrifice through his new book,The Times of India,2026-07-26T08:51:45Z,"Defence News: NEW DELHI: As India celebrated Kargil Vijay Diwas on Sunday to mark the anniversary of India's military victory over Pakistan in the 1999 war, honouri.",https://timesofindia.indiatimes.com/defence/yeh-dil-maange-more-kargil-hero-capt-vikram-batras-brother-captures-24-yr-olds-life-and-sacrifice-through-his-new-book/articleshow/132638662.cms
"NEET SS counselling stalemate enters fifth month; FAIMA urges Supreme Court, Centre to fast-track admissions",The Times of India,2026-07-26T08:49:19Z,"The Federation of All India Medical Association (FAIMA) has urged the Supreme Court, Union Health Ministry and DGHS to expedite NEET SS counselling, stalled for nearly five months due to litigation over Tamil Nadu's in-service quota. The association warned th…",https://timesofindia.indiatimes.com/education/news/neet-ss-counselling-stalemate-enters-fifth-month-faima-urges-supreme-court-centre-to-fast-track-admissions/articleshow/132638630.cms
"Fortnite x Lil Tecca: Release date, skins, price, and more",The Times of India,2026-07-26T08:48:57Z,Fortnite Festival Season 15 is set to include rapper Lil Tecca as the latest Icon Series figure. Players can look forward to a unique Lil Tecca skin along with various cosmetic items. This exciting collaboration is scheduled to launch following the v41.30 upd…,https://timesofindia.indiatimes.com/sports/esports/fortnite/fortnite-x-lil-tecca-release-date-skins-price-and-more/articleshow/132638617.cms
Neeraj Chopra set for blockbuster Arshad Nadeem showdown at CWG,The Times of India,2026-07-26T08:26:23Z,Indian athletes are set to compete in Glasgow aiming for a better medal haul. Neeraj Chopra faces strong competition in the men's javelin event. Long jumper Murali Sreeshankar and high jumper Sarvesh Kushare are also strong medal contenders. Several other eve…,https://economictimes.indiatimes.com/news/sports/other-sports/neeraj-chopra-set-for-blockbuster-arshad-nadeem-showdown-at-cwg/articleshow/132638421.cms
"NTA invites applications for 16 Young Professional posts through UPSC Pratibha Setu portal; Rs 80,000 monthly salary offered",The Times of India,2026-07-26T08:24:41Z,"The National Testing Agency is seeking sixteen Young Professionals for its academic, legal, and finance functions. Applications are invited through the UPSC Pratibha Setu portal for these contractual roles. Selected candidates will receive a fixed monthly rem…",https://timesofindia.indiatimes.com/education/news/nta-invites-applications-for-16-young-professional-posts-through-upsc-pratibha-setu-portal-rs-80000-monthly-salary-offered/articleshow/132638294.cms
India’s drone moment has arrived,RT,2026-07-26T08:18:33Z,India is trying to leap from buyer to global drone hub by leveraging lessons from the Russia-Ukraine conflict and the Iran war Read Full Article at RT.com,https://www.rt.com/india/643456-indias-drone-hub-iran-war-lesson/
Punjab CM Bhagwant Mann inaugurates 120-bed multi-speciality hospital in Moga,The Times of India,2026-07-26T08:17:06Z,Punjab Chief Minister Bhagwant Singh Mann inaugurated a new 120-bed hospital. This facility will improve access to advanced healthcare services in the Malwa region. Eligible patients can receive cashless treatment under government health schemes. The state go…,https://timesofindia.indiatimes.com/india/punjab-cm-bhagwant-mann-inaugurates-120-bed-multi-speciality-hospital-in-moga/articleshow/132638353.cms
Iran condemns terrorist attack in Pakistan,Globalsecurity.org,2026-07-26T08:11:09Z,"Iranian Foreign Ministry spokesperson Esmaeil Baqaei strongly condemned the terrorist attack on a police checkpoint in the city of Tank, located in Pakistan's Khyber Pakhtunkhwa province.",https://www.globalsecurity.org/wmd/library/news/pakistan/2026/pakistan-260726-irna01.htm
NTA releases NITTT 2026 exam schedule; check shift timings and guidelines,The Times of India,2026-07-26T08:01:36Z,"The National Testing Agency has announced the NITTT April-May 2026 semester examination dates. These online remote proctored exams will be conducted on July 31 and August 1, 7, and 8, 2026. The examination will consist of 100 objective-type multiple-choice qu…",https://timesofindia.indiatimes.com/education/news/nta-releases-nittt-2026-exam-schedule-check-shift-timings-and-guidelines/articleshow/132638181.cms
"Canada remains anti-nuke, but its potential path to the bomb is getting shorter",CBC News,2026-07-26T08:00:00Z,"Canada's indigenous nuclear industry, homegrown tech, use of heavy-water reactors producing plutonium and tritium, and abundant domestic supply of uranium all position this country as a prime candidate for developing a nuclear weapon. The government now faces…",https://www.cbc.ca/news/politics/canada-remains-antinuke-road-to-bomb-getting-shorter-9.7283194
"UP Board Class 10, 12 Exam 2027: UPMSP announces application schedule for private candidates; forms due by August 5",The Times of India,2026-07-26T07:53:29Z,"The Uttar Pradesh Madhyamik Shiksha Parishad (UPMSP) has released the registration schedule for private candidates appearing in the Class 10 and Class 12 board examinations in 2027. Applications must be submitted by August 5, 2026, through designated forwardi…",https://timesofindia.indiatimes.com/education/news/up-board-class-10-12-exam-2027-upmsp-announces-application-schedule-for-private-candidates-forms-due-by-august-5/articleshow/132637985.cms
How the NEET UG 2026 paper leak snowballed into Dharmendra Pradhan's resignation,The Times of India,2026-07-26T07:45:54Z,"Education Minister Dharmendra Pradhan resigned on July 25, ending a protest over the NEET-UG 2026 paper leak. The crisis began with a tutor's comparison of a leaked PDF with the actual exam paper. Weeks of demonstrations by the Cockroach Janta Party grew into…",https://timesofindia.indiatimes.com/education/news/how-the-neet-ug-2026-paper-leak-snowballed-into-dharmendra-pradhans-resignation/articleshow/132637583.cms
India emerging as trusted global defence partner: PM Modi,BusinessLine,2026-07-26T07:31:39Z,"India is becoming a trusted global defence partner, enhancing capabilities and celebrating achievements in defence and space innovation.",https://www.thehindubusinessline.com/news/india-emerging-as-trusted-global-defence-partner-pm-modi/article71268810.ece
"NEET UG counselling 2026 schedule expected soon; MCC to begin MBBS, BDS admission process",The Times of India,2026-07-26T07:11:44Z,"The Medical Counselling Committee (MCC) is expected to announce the NEET UG Counselling 2026 schedule shortly for admissions to MBBS, BDS and other undergraduate medical programmes. Eligible candidates will have to register online, fill their preferred choice…",https://timesofindia.indiatimes.com/education/news/neet-ug-counselling-2026-schedule-expected-soon-mcc-to-begin-mbbs-bds-admission-process/articleshow/132637658.cms
CAT 2026 notification out at iimcat.ac.in; registration begins August 3,The Times of India,2026-07-26T06:49:31Z,"The Common Admission Test 2026 notification is now available online. Registration for the prestigious entrance exam begins on August 3 and concludes September 15. The examination is scheduled for November 29, 2026, with results expected in early January. Elig…",https://timesofindia.indiatimes.com/education/news/cat-2026-notification-out-at-iimcat-ac-in-registration-begins-august-3/articleshow/132637500.cms
ICAR UG merit rank list likely to be released soon at icarcounseling.com: Check complete details here,The Times of India,2026-07-26T06:35:48Z,"The Indian Council of Agricultural Research (ICAR) has released the UG Merit Rank List 2026 for CUET UG-qualified candidates seeking admission to agriculture and allied science programmes. Alongside the rank cards, the counselling registration and choice-fill…",https://timesofindia.indiatimes.com/education/news/icar-ug-merit-rank-list-likely-to-be-released-soon-at-icarcounseling-com-check-complete-details-here/articleshow/132637263.cms
AP EAMCET 2026 phase 1 web option entry begins at cap.apcfss.in; fill choices till July 31,The Times of India,2026-07-26T06:22:16Z,"AP EAMCET 2026 counselling web option entry is now open for eligible candidates. Students can submit their college and course preferences until July thirty-first, 2026. Document verification will also conclude on July thirty-first, 2026. Seat allotment result…",https://timesofindia.indiatimes.com/education/news/ap-eamcet-2026-phase-1-web-option-entry-begins-at-cap-apcfss-in-fill-choices-till-july-31/articleshow/132637206.cms
Pakistan Warns of Military Response to Yemeni Blockade in Red Sea,Naturalnews.com,2026-07-26T06:00:00Z,"Houthis Impose Maritime Embargo on Saudi Shipping The Ansarallah-led Yemeni Armed Forces, commonly known as the Houthis, declared a full maritime embargo against Saudi Arabia on July 20, according to a statement from military spokesman Yahya Saree. The announ…",https://www.naturalnews.com/2026-07-26-pakistan-warns-military-response-yemen-houthi-blockade.html
Shweta Tiwari asks CJP to seek Punjab education minister’s resignation after Dharmendra Pradhan resigns,The Times of India,2026-07-26T05:24:46Z,Actress Shweta Tiwari reacted to Union Education Minister Dharmendra Pradhan's resignation. She questioned when the Punjab Education Minister would also resign. Pradhan resigned following student protests over exam irregularities and paper leaks. Massive stud…,https://timesofindia.indiatimes.com/tv/news/hindi/shweta-tiwari-asks-cjp-to-seek-punjab-education-ministers-resignation-after-dharmendra-pradhan-resigns/articleshow/132636741.cms
PGIMER BSc Nursing result 2026 likely to be released soon at pgimer.edu.in: Check complete details here,The Times of India,2026-07-26T05:17:56Z,The PGIMER B.Sc. Nursing Result 2026 is expected to be declared by August 10 on the institute's official website. Candidates who appeared for the July 24 entrance examination will be able to download their scorecards and check the merit list online. Qualified…,https://timesofindia.indiatimes.com/education/news/pgimer-bsc-nursing-result-2026-likely-to-be-released-soon-at-pgimer-edu-in-check-complete-details-here/articleshow/132636653.cms
India whitewash T20I series win: Instances when Men in Blue completed whitewash in a series with minimum three matches,Cricketnews.com,2026-07-26T05:01:05Z,"Explore every instance when Team India completed a T20I series whitewash in a series of at least 3 matches, featuring iconic wins vs Australia & New Zealand.",https://www.cricketnews.com/en/cricket/news/india-whitewash-t20i-series-win-minimum-three-matches/84d060fbb9b6908ec3609dfb
"India makes data centres, Pakistan creates radical centres: Rajnath Singh on Kargil Vijay Diwas",The Times of India,2026-07-26T05:00:33Z,Defence Minister Rajnath Singh sharply attacked Pakistan during Kargil Vijay Diwas commemorations. He stated India builds data centres while Pakistan creates radical centres. Singh warned that every Pakistani misadventure would invite a response beyond imagin…,https://economictimes.indiatimes.com/news/defence/india-makes-data-centres-pakistan-creates-radical-centres-rajnath-singh-on-kargil-vijay-diwas/articleshow/132636552.cms
Students' protest in Kalyan turns into celebration after Dharmendra Pradhan's resignation,The Times of India,2026-07-26T04:53:39Z,A protest against alleged police action on students transformed into a celebration. Participants learned of Union Education Minister Dharmendra Pradhan's resignation during the demonstration. Around two thousand students and youth gathered at Phadke Ground fo…,https://timesofindia.indiatimes.com/city/thane/students-protest-in-kalyan-turns-into-celebration-after-dharmendra-pradhans-resignation/articleshow/132636154.cms
"NEET-UG row: Assam minister Mahanta’s daughter joins protest, CM Himanta says ‘she may not follow her father’s ideology’",The Times of India,2026-07-26T04:51:09Z,Assam minister Keshab Mahanta's daughter joined a protest against NEET exam irregularities. She raised slogans against Prime Minister Narendra Modi and demanded the minister's resignation. Chief Minister Himanta Biswa Sarma stated she should not be trolled fo…,https://timesofindia.indiatimes.com/city/guwahati/neet-ug-row-assam-minister-mahantas-daughter-joins-protest-cm-himanta-says-she-may-not-follow-her-fathers-ideology/articleshow/132636250.cms
"Lock Upp 2: Hina Khan calls out Shilpa Shinde for character assassinating Shivangi Joshi; says, ‘I don’t support this’",The Times of India,2026-07-26T04:26:30Z,Lock Upp 2 features intense drama and confrontations between contestants. Special guests Hina Khan and Uorfi Javed influenced a contestant's fate. Hina Khan disagreed with Shilpa Shinde's gameplay and character attacks. Pamela Serena revealed a past involveme…,https://timesofindia.indiatimes.com/tv/news/hindi/lock-upp-2-hina-khan-calls-out-shilpa-shinde-for-character-assassinating-shivangi-joshi-says-i-dont-support-this/articleshow/132636290.cms
"Assam STF busts Pakistan-linked terror module, arrests three",The Times of India,2026-07-26T04:07:28Z,"Assam Police's Special Task Force has arrested three alleged operatives after uncovering a terror module linked to the Pakistan-based Shahzad Bhatti Network. Investigators allege the network, operating under ISI direction, was involved in recruitment, radical…",https://economictimes.indiatimes.com/news/india/assam-stf-busts-pakistan-linked-terror-module-arrests-three/articleshow/132636158.cms
"After abandoning Israeli women, is the West abandoning its own?",Israelnationalnews.com,2026-07-26T04:06:00Z,"If the perpetrators are migrants, then their female rape victims don’t count. And there are horrifying numbers of these victims. Opinion.",https://www.israelnationalnews.com/news/430745
"SIA shareholders question board about Air India investment, Metro to shut outlets: Markets this week",The Straits Times,2026-07-26T04:00:00Z,"Market confidence was shaken by Middle East tensions, and crude oil traded above US$100 a barrel. Read more at straitstimes.com. Read more at straitstimes.com.",https://www.straitstimes.com/business/companies-markets/metro-to-shut-outlets-sti-up-but-wall-street-tumbles-on-ai-spending-fears-markets-this-week
A test for Pak’s geopolitical sweet spot,The Times of India,2026-07-26T03:08:49Z,"Since mid-2025, there has been a growing sense in Pakistan that the country’s regional and international profile has risen significantly. To many, Pakistan today occupies a geopolitical sweet spot after a long time. The signing...",https://timesofindia.indiatimes.com/blogs/toi-edit-page/a-test-for-paks-geopolitical-sweet-spot/
"Intent of infiltrators hasn't changed since 1999 conflict, says Rajnath Singh in Dras",The Times of India,2026-07-26T02:56:34Z,Defence Minister Rajnath Singh addressed Army personnel in Dras on Kargil Vijay Diwas eve. He stated that infiltrators' intent remains unchanged since the 1999 conflict. Singh assured the Indian Army is fully prepared for any future challenges. The government…,https://economictimes.indiatimes.com/news/defence/intent-of-infiltrators-hasnt-changed-since-1999-conflict-says-rajnath-singh-in-dras/articleshow/132635832.cms
"Punjab woman killed in Canada, kin seek body",The Times of India,2026-07-26T01:36:54Z,"In a heartbreaking case, 23-year-old Damanpreet Kaur, hailing from the Punjabi village of Lal Kalan, was found dead in Canada, allegedly strangled. The police have arrested Ritish Kumar, who now faces charges of second-degree murder. As her family mourns, the…",https://timesofindia.indiatimes.com/city/ludhiana/punjab-woman-killed-in-canada-kin-seek-body/articleshow/132635525.cms
"""We be getting divorced every other month"": Relentless divorce rumors pushed Travis Hunter's wife Leanna Lenee into a shocking social media move",The Times of India,2026-07-26T01:35:41Z,"Travis Hunter's wife, Leanna Lenee, has revealed why she stepped away from a major social media platform after months of false divorce rumors. In a recent TikTok video, she opened up about the relentless speculation surrounding her marriage to the Jacksonvill…",https://timesofindia.indiatimes.com/sports/nfl/news/we-be-getting-divorced-every-other-month-relentless-divorce-rumors-pushed-travis-hunters-wife-leanna-lenee-into-a-shocking-social-media-move/articleshow/132635455.cms
NBA trade rumor: Warriors are linked to reuniting Stephen Curry with $90 million 16-time All-Star Houston Rockets veteran,The Times of India,2026-07-26T01:25:20Z,"LeBron James picked Philadelphia over Golden State, and the Warriors are already being tied to a much bigger swing. Kevin Durant, now with Houston on a two-year deal, has come up as a name worth watching if Golden State wants one more run with Stephen Curry. …",https://timesofindia.indiatimes.com/sports/nba/top-stories/nba-trade-rumor-warriors-are-linked-to-reuniting-stephen-curry-with-90-million-16-time-all-star-houston-rockets-veteran/articleshow/132635461.cms
"""Heart wants what the heart wants"": Will Dianna Russini and Mike Vrabel go the distance? Boston radio hosts are already debating the answer",The Times of India,2026-07-26T01:17:56Z,"Boston radio hosts Adam Jones and Rich Keefe have reignited discussion around the offseason relationship saga involving Patriots head coach Mike Vrabel and NFL insider Dianna Russini. Speaking on WEEI's ""Jones & Keefe,"" the duo speculated on whether Russini s…",https://timesofindia.indiatimes.com/sports/nfl/news/heart-wants-what-the-heart-wants-will-dianna-russini-and-mike-vrabel-go-the-distance-boston-radio-hosts-are-already-debating-the-answer/articleshow/132635443.cms
"""Goodbyes are getting harder"": Brittany Mahomes breaks silence on the hardest part of being married to Patrick Mahomes every summer",The Times of India,2026-07-26T00:53:08Z,"Patrick Mahomes kicked off his 10th training camp in St. Joseph this weekend, but it was wife Brittany's emotional Instagram post that captured attention. A photo of Mahomes kissing daughter Sterling goodbye highlighted how the annual departure is growing har…",https://timesofindia.indiatimes.com/sports/nfl/news/goodbyes-are-getting-harder-brittany-mahomes-breaks-silence-on-the-hardest-part-of-being-married-to-patrick-mahomes-every-summer/articleshow/132635390.cms
"Afghanistan, India Launch Joint Agricultural Working Group to Boost Cooperation - Khaama Press",Khaama.com,2026-07-26T00:18:05Z,"Afghanistan and India have agreed to establish a joint agricultural working group to expand cooperation on seed technology, irrigation.",https://www.khaama.com/afghanistan-india-launch-joint-agricultural-working-group-to-boost-cooperation/
16 million Nigerians to face hunger crisis by January 2027 – Report,The Punch,2026-07-25T23:51:11Z,"A new report projects 16 million Nigerians will face acute hunger by January 2027. Learn about the deepening food crisis driven by conflict and economic ha

Read More: https://punchng.com/16-million-nigerians-to-face-hunger-crisis-by-january-2027-report/",https://punchng.com/16-million-nigerians-to-face-hunger-crisis-by-january-2027-report/
Three Endgames: Scenarios for the Iran War and the Post-American Order,Blogspot.com,2026-07-25T22:20:00Z,"h1, h2, h3 {
 line-height: 33px;
 }
 
 
 
 


 Preamble: The Situation as It Stands

Five months into the conflagration, the strategic landscape admits no comfortable summary. The United States and Israel launched joint strikes against Iran on 28 February 202…",https://i-epikaira.blogspot.com/2026/07/three-endgames-scenarios-for-iran-war.html
Sobers could only do everything — including for SA's Sheffield Shield side,ABC News (AU),2026-07-25T21:35:46Z,"In 1961, Sir Garfield Sobers was almost indisputably the world’s greatest cricketer. In a masterstroke, South Australian administrators were able to secure his services and, by extension, a path to Sheffield Shield triumph.",https://www.abc.net.au/news/2026-07-26/sir-garfield-sobers-sa-and-the-sheffield-shield/106956008
"India's Young Hockey Stars Shine, Win Asian Championship Gold",Rediff.com,2026-07-25T20:36:32Z,The Indian sub-junior men's hockey team secured the gold medal at the FIH Youth Hockey5s Asian Championship by defeating arch-rivals Pakistan 3-1. This victory also ensured their qualification for the inaugural FIH Youth Hockey5s World Cup. The Indian women's…,https://www.rediff.com/sports/report/india-defeats-pakistan-to-win-fih-youth-hockey5s-asian-championship/20260726.htm
"Once a vegetable seller & e-rickshaw driver, Jhandu now earns spot on CWG podium",The Times of India,2026-07-25T19:25:29Z,"Jhandu finished with 130.9 points after a best lift of 190kg, becoming India’s first medallist at this edition of the Commonwealth Games. Yet, for the national record holder, the medal meant a lot more than a place on the podium.",https://timesofindia.indiatimes.com/sports/commonwealth-games/news/once-a-vegetable-seller-e-rickshaw-driver-jhandu-now-earns-spot-on-cwg-podium/articleshow/132632555.cms
Brent and WTI crude prices fall - Pakistans Observer,Pakobserver.com.pk,2026-07-25T18:50:51Z,"The global oil market saw a drop in crude oil prices in the last trading session, and at present both crude oil and West Texas Intermediate (WTI) are in negative territory compared to the previous trading session in the market. Experts in the market are attri…",https://pakobserver.com.pk/business/brent-and-wti-crude-prices-fall/
Mental Health Awareness: Why Prioritizing Your Emotional,openPR,2026-07-25T18:46:20Z,Mental health is just as important as physical health yet many people overlook their emotional well being until challenges become overwhelming Stress anxiety depression relationship conflicts and major life changes can affect anyone regardless of age or backg…,https://www.openpr.com/news/4586928/mental-health-awareness-why-prioritizing-your-emotional
LPL controversy: Pakistan star Shaheen Afridi complains to anti-corruption official after being dropped from Kandi Royals vs Galle Titans match,Cricketnews.com,2026-07-25T18:10:03Z,"Controversy fails to stop following Shaheen Afridi, as the bowler has recently gone to the anti-corruption office after he was dropped from the Kandy Royals in their latest game in the LPL.",https://www.cricketnews.com/en/cricket/news/lpl-controversy-shaheen-afridi-anti-corruption-official-kandi-royals/76dfd8e9b10bebe26d801496
Day Four: Indian Athletes In Action At CWG,Rediff.com,2026-07-25T17:38:27Z,"This article provides a detailed schedule of Indian athletes participating in various events on the fourth day of the Commonwealth Games. It covers boxing, gymnastics, lawn bowls, swimming, and weightlifting, highlighting key matches and finals.",https://www.rediff.com/sports/report/indias-schedule-at-commonwealth-games-day-4/20260725.htm
Wang Yi Meets with Pakistani Deputy Prime Minister and Foreign Minister Mohammad Ishaq Dar,Globalsecurity.org,2026-07-25T12:00:00Z,"On July 24, 2026, Member of the Political Bureau of the CPC Central Committee and Foreign Minister Wang Yi met with Pakistani Deputy Prime Minister and Foreign Minister Mohammad Ishaq Dar on the sidelines of the Meeting of the Council of the Ministers of Fore…",https://www.globalsecurity.org/wmd/library/news/pakistan/2026/pakistan-260725-prc-mofa01.htm
"Any talks with Pakistan would focus solely on PoK, an integral part of India: Rajnath",BusinessLine,2026-07-26T11:11:58Z,"Rajnath Singh emphasizes talks with Pakistan will focus on reclaiming PoK, highlighting India's defense capabilities and commitment to sovereignty.",https://www.thehindubusinessline.com/news/any-talks-with-pakistan-would-focus-solely-on-pok-an-integral-part-of-india-rajnath/article71269165.ece
"After Strait of Hormuz and Red Sea, has Iran war now reached Caspian Sea?",Al Jazeera English,2026-07-26T10:45:23Z,Iran condemns what it calls a 'hostile and criminal' Ukrainian attack on commercial vessel. How will it affect the war?,https://www.aljazeera.com/news/2026/7/26/after-strait-of-hormuz-and-red-sea-has-iran-war-now-reached-caspian-sea
"Mideast diplomacy intensifies after US, Iran halt attacks",Hurriyet Daily News,2026-07-26T12:57:51Z,"Mediators Pakistan and Qatar have intensified the exchange of messages between the United States and Iran after the two warring sides communicated their responses to a joint formula to end their months-long war, Pakistani government sources said on July 26.",https://www.hurriyetdailynews.com/mideast-diplomacy-intensifies-after-us-iran-halt-attacks-224819
Joe Rogan’s New British Crush,The Atlantic,2026-07-26T12:00:00Z,Rupert Lowe understands what the American right wants to hear.,https://www.theatlantic.com/ideas/2026/07/rupert-lowe-restore-britain-rogan/688033/
Iran says US 'destroyed foundation' for dialogue with third betrayal of diplomacy,Globalsecurity.org,2026-07-26T12:00:00Z,"Iran says the United States has ""destroyed the foundation"" for dialogue by committing a ""flagrant and gross violation"" of the 14-point Islamabad Memorandum of Understanding, marking the third time in a year that Washington has betrayed diplomacy through acts …",https://www.globalsecurity.org/wmd/library/news/iran/2026/07/iran-260726-irna02.htm
Op Sindoor is proof of India's capability to respond decisively to Pakistan's every misadventure: Raksha Mantri in Dras on 27th Kargil Vijay Diwas,Globalsecurity.org,2026-07-26T12:00:00Z,"""The success of Operation Sindoor is proof that India possesses the capability to respond to Pakistan's every misadventure with a severity far beyond its imagination,"" said Raksha Mantri Shri Rajnath Singh, reiterating that there would be no talks with Pakist…",https://www.globalsecurity.org/wmd/library/news/india/2026/india-260726-india-pib01.htm
"US, Iran respond to Pakistani-Qatari proposal to resume peace talks",Crypto Briefing,2026-07-26T11:31:52Z,"The proposal's acceptance could ease regional tensions, impacting global markets and diplomatic relations, while fostering potential peace progress.
The post US, Iran respond to Pakistani-Qatari proposal to resume peace talks appeared first on Crypto Briefing.",https://cryptobriefing.com/us-iran-respond-to-pakistani-qatari-proposal-to-resume-peace-talks/
Iran warns Ukraine of retaliation after Caspian Sea incident,Crypto Briefing,2026-07-26T11:29:00Z,"Escalating Iran-Ukraine tensions could destabilize regional geopolitics, complicate US-Iran negotiations, and heighten global security concerns.
The post Iran warns Ukraine of retaliation after Caspian Sea incident appeared first on Crypto Briefing.",https://cryptobriefing.com/iran-warns-ukraine-of-retaliation-after-caspian-sea-incident/
"Iran open to talks in Geneva, Doha, or Islamabad amid 2026 conflict",Crypto Briefing,2026-07-26T14:16:38Z,"Iran's openness to talks in various locations highlights ongoing diplomatic efforts to de-escalate tensions and address nuclear issues.
The post Iran open to talks in Geneva, Doha, or Islamabad amid 2026 conflict appeared first on Crypto Briefing.",https://cryptobriefing.com/iran-open-to-talks-in-geneva-doha-or-islamabad-amid-2026-conflict/
DRAWN IN BLOOD: The Deliberate Demolition of Sykes-Picot and the Architects of the New Middle East,Blogspot.com,2026-07-26T14:11:49Z,"h1, h2, h3 { line-height:33px; }


How the Sequence of Gaza, Lebanon, and Iran Converges on a Map Drawn in 2006
Edited by iEpikaira*

I. The Sequence Is Not a Sequence. It Is a Surgery.

The mainstream narrative of the past thirty-four months is one of escala…",https://i-epikaira.blogspot.com/2026/07/drawn-in-blood-deliberate-demolition-of.html
"Report: Iran informed Pakistan that it did not withdraw from talks, but merely suspended them",Israelnationalnews.com,2026-07-26T13:48:45Z,"Al Hadath reported that Iran informed senior Pakistani officials that it had not withdrawn from the negotiations but had merely suspended them, stressing the need to resume the talks from the point at which they were halted.",https://www.israelnationalnews.com/flashes/690574
114 Rafale jet deal: France expected to respond to India's Letter of Request by mid-August,The Times of India,2026-07-26T14:45:15Z,France will submit its official response to India's Rafale jet request by mid-August.  Negotiations on price and other aspects will follow the French submission.  India requested 114 Rafale jets for its Air Force earlier this year.  This acquisition aims to b…,https://economictimes.indiatimes.com/news/defence/114-rafale-jet-deal-france-expected-to-respond-to-indias-letter-of-request-by-mid-august/articleshow/132643171.cms
'There is very tough competition in javelin': Neeraj Chopra expects fierce battle at Commonwealth Games 2026,The Times of India,2026-07-26T14:33:39Z,"Chopra, who won gold on his Commonwealth Games debut at Gold Coast (Australia) in 2018 with a throw of 86.47m, missed the Birmingham 2022 edition because of an adductor injury sustained at the 2022 World Athletics Championships. The 28-year-old now returns fu…",https://economictimes.indiatimes.com/news/sports/there-is-very-tough-competition-in-javelin-neeraj-chopra-expects-fierce-battle-at-commonwealth-games-2026/articleshow/132642914.cms
How 10 cows in Brazil unlocked a tokenized path to bridge an $8 trillion global finance gap,CryptoSlate,2026-07-26T14:30:34Z,"Ten dairy cows in Paraná, Brazil, carried encrypted identities that Cowmed collars had built from each animal's health, behavior, and location data into B3 this week. Those identities turned the cows into collateral for nearly $20,000 in credit, and the recor…",https://cryptoslate.com/how-10-cows-in-brazil-unlocked-a-path-to-bridge-an-8-trillion-global-finance-gap/
Indian armed forces mark 27th Kargil Vijay Diwas in Mumbai ceremony,The Times of India,2026-07-26T14:56:31Z,The vijay diwas is celebrated every year on July 26 saluting a total of 527 soldiers from the Indian Armed Forces who lost their lives in the three month long conflict with Pakistan soldiers,https://timesofindia.indiatimes.com/city/mumbai/indian-armed-forces-mark-27th-kargil-vijay-diwas-in-mumbai-ceremony/articleshow/132643369.cms
Israel confirms secret military support to India as defense trade tops $10 billion,Crypto Briefing,2026-07-27T17:01:32Z,"Israel's military support to India strengthens their strategic alliance, potentially altering regional power dynamics and impacting global defense markets.
The post Israel confirms secret military support to India as defense trade tops $10 billion appeared fi…",https://cryptobriefing.com/israel-india-military-support-defense-trade/
"Nigeria among countries whose citizens traveled for World Cup, seek to remain in Canada[Full list]",Vanguard,2026-07-27T16:51:45Z,"A total of 175 visitors who travelled to Canada for the 2026 FIFA World Cup have applied for asylum, with citizens of Ghana, Nigeria, Senegal and several other countries among those seeking to remain in the country after the tournament.
The post Nigeria among…",https://www.vanguardngr.com/2026/07/nigeria-among-countries-whose-citizens-traveled-for-world-cup-seek-to-remain-in-canadafull-list/
Iran-Oman Talks Focused on Restarting Hormuz Shipping Traffic,Financial Post,2026-07-27T16:50:45Z,"Negotiators from Iran and Oman are trying to reach an agreement to restart shipping through the Strait of Hormuz, according to people familiar with the matter.",https://financialpost.com/pmn/business-pmn/iran-oman-talks-focused-on-restarting-hormuz-shipping-traffic
Trump admin could shut US scientists out of Nobel-worthy discovery with new rule,Raw Story,2026-07-27T16:47:59Z,"For decades, physicists wrestled with a fundamental mystery of the universe.They wanted to know why certain particles — like the protons in atoms — have mass, while particles of light do not. Whatever the reason was, it was crucial to understanding the origin…",https://www.rawstory.com/how-the-trump-admin-could-shut-u-s-scientists-out-of-the-next-nobel-worthy-discovery/
"Inside England's post-Bazball chaos: The three names top of Test coach shortlist and interview timeline revealed, latest on Justin Langer and the surprise contender to replace Ben Stokes",Dailymail.com,2026-07-27T16:00:46Z,"England's Test cricketers are due to report to Headingley three weeks today for the start of the post-Bazball era. Here, Daily Mail Sport looks at the big issues ahead of the first Test on August 19.",https://www.dailymail.com/sport/cricket/article-16008075/england-test-coach-captain-stokes-replacement.html
Pakistani officials fear Trump may order US ground offensive in Iran: dpa,Crypto Briefing,2026-07-27T15:44:28Z,"A U.S. ground offensive in Iran could derail diplomatic efforts, reducing chances for a U.S.-Iran deal and impacting regional stability.
The post Pakistani officials fear Trump may order US ground offensive in Iran: dpa appeared first on Crypto Briefing.",https://cryptobriefing.com/pakistani-officials-fear-trump-may-order-us-ground-offensive-in-iran-dpa/
"Govt approves RBI's trials of ₹10, ₹20 polymer notes; no plan to replace paper currency",The Times of India,2026-07-27T15:42:34Z,The government has approved the Reserve Bank of India's proposal for polymer banknotes.  One billion pieces each of ten and twenty rupee polymer notes will undergo field trials.  These new notes are expected to be more durable and have a longer lifespan.  The…,https://economictimes.indiatimes.com/news/economy/finance/govt-approves-rbis-trials-of-10-20-polymer-notes-no-plan-to-replace-paper-currency/articleshow/132665451.cms
Qatar and Pakistan broker progress in US-Iran talks as Iran accepts Bitcoin for Hormuz transit fees,Crypto Briefing,2026-07-27T15:41:54Z,"The US-Iran talks' progress and Iran's crypto adoption could reshape geopolitical dynamics and influence global crypto regulations.
The post Qatar and Pakistan broker progress in US-Iran talks as Iran accepts Bitcoin for Hormuz transit fees appeared first on …",https://cryptobriefing.com/qatar-pakistan-us-iran-bitcoin-hormuz/
"Iran Claims It Controls Strait of Hormuz, Has No Interest in Negotiations with 'Mafia' U.S.",Breitbart News,2026-07-27T15:40:25Z,"Iran claims it remains firmly in control of the Strait of Hormuz and has no desire to resume negotiations with the United States.
The post Iran Claims It Controls Strait of Hormuz, Has No Interest in Negotiations with ‘Mafia’ U.S. appeared first on Breitbart.",https://www.breitbart.com/middle-east/2026/07/27/iran-claims-it-controls-strait-hormuz-has-no-interest-negotiations-mafia-u-s/
US’ new tariff needn’t rattle exporters,BusinessLine,2026-07-27T15:39:26Z,Section 301 tariff on many of India’s principal competitors is either higher or similar. Our competitiveness hence may not get affected,https://www.thehindubusinessline.com/opinion/us-new-tariff-neednt-rattle-exporters/article71273860.ece
Trump pauses US strikes for Middle East diplomacy with Iran: Channel 12 News,Crypto Briefing,2026-07-27T15:15:44Z,"Trump pauses US strikes for Middle East diplomacy with Iran. Next US-Iran meeting in UAE by September 30, 2026 at 0.6% YES.
The post Trump pauses US strikes for Middle East diplomacy with Iran: Channel 12 News appeared first on Crypto Briefing.",https://cryptobriefing.com/trump-pauses-us-strikes-for-middle-east-diplomacy-with-iran-channel-12-news/
"Qatar, Pakistan mediate to resume US-Iran talks, seek interim ceasefire",Crypto Briefing,2026-07-27T15:11:08Z,"Mediation efforts by Qatar and Pakistan could stabilize regional tensions, influencing global markets and diplomatic relations positively.
The post Qatar, Pakistan mediate to resume US-Iran talks, seek interim ceasefire appeared first on Crypto Briefing.",https://cryptobriefing.com/qatar-pakistan-mediate-to-resume-us-iran-talks-seek-interim-ceasefire/
Pakistan-administered Kashmir goes to the polls despite protests,CNA,2026-07-27T15:01:58Z,MUZAFFARABAD: Polls opened on Monday (Jul 27) in parts of Pakistan-administered Kashmir where voting for the local legislature will take place in three rounds with heavy security following protests demanding electoral reforms.With concerns growing over stretc…,https://www.channelnewsasia.com/asia/pakistan-administered-kashmir-goes-polls-despite-protests-6281156
Nilörngruppen’s delisting application approved – last day of trading will be 10 August 2026,GlobeNewswire,2026-07-27T14:45:00Z,"As previously announced, Nilörngruppen AB (publ) (""Nilörngruppen"") has applied for delisting of the Nilörngruppen B-share from Nasdaq Stockholm in the light of Trimco Group (UK) Limited owning over 90 percent of the shares and votes in Nilörngruppen.",https://www.globenewswire.com/news-release/2026/07/27/3333694/0/en/Nil%C3%B6rngruppen-s-delisting-application-approved-last-day-of-trading-will-be-10-August-2026.html
"U.S. and Iran edge toward talks as Hormuz shipping hits three-week low, regional officials say",Fortune,2026-07-27T14:39:59Z,Qatar- and Pakistan-led mediators are pushing the U.S. and Iran to return to an interim ceasefire deal that had collapsed after the exchanges of fire,https://fortune.com/2026/07/27/u-s-and-iran-edge-toward-talks-as-hormuz-shipping-hits-three-week-low-regional-officials-say/
Kuwait Ratifies Landmark Defense Agreement with Pakistan,Sputnikglobe.com,2026-07-27T14:36:13Z,"Kuwait's move signals recognition that multipolarity in defining relations is now essential for resilience in an increasingly fragmented regional order, experts said.",https://sputnikglobe.com/20260727/kuwait-ratifies-landmark-defense-agreement-with-pakistan-1124506039.html
How to Apply for a Police Criminal Certificate in Karachi? - Munafa Marketing,Munafamarketing.com,2026-07-27T14:29:27Z,"How to Apply for a Police Criminal Certificate in Karachi? Complete 2026 guide covering online application, required documents, fees (Rs300–500), processing time (10–18 working days), overseas Pakistani process, MoFA attestation, and common mistakes to avoid.…",https://munafamarketing.com/how-to-apply-for-a-police-criminal-certificate-in-karachi/
"Police issue notices to social media accounts over 'abusive' posts, Pakistan-linked handles probe widens",BusinessLine,2026-07-27T14:18:35Z,"Dedicated teams have been identifying accounts that uploaded content containing abusive language, misinformation or material that could amount to violations under relevant legal provisions",https://www.thehindubusinessline.com/info-tech/social-media/police-issue-notices-to-social-media-accounts-over-abusive-posts-pakistan-linked-handles-probe-widens/article71272770.ece
The economic burden of Type 2 Diabetes by social determinants of health: A systematic review,Plos.org,2026-07-27T14:00:00Z,"Background The unequal distribution of resources in society generates social gradients that translate into health inequalities and differential use of health care resources and their costs. Non-medical factors such as employment, income, ethnicity and educati…",https://journals.plos.org/plosone/article?id=10.1371/journal.pone.0354198
Population genomics of Nigerian goat breeds and neighbouring populations in the West Africa–Cameroon transboundary livestock corridor,Plos.org,2026-07-27T14:00:00Z,"Indigenous goats in Nigeria and neighbouring countries support livelihoods across forest–savanna–Sahel environments, yet genomic structure, connectivity history, and adaptive signals are rarely investigated in a single corridor-scale transboundary framework. …",https://journals.plos.org/plosone/article?id=10.1371/journal.pone.0354294
Animal models in venom and antivenom research: The need to align academic discovery with manufacturing and regulatory expectations,Plos.org,2026-07-27T14:00:00Z,"Author summary The study of toxic activities of venoms and their neutralisation by antivenoms, which are the standard treatment for envenoming, has been largely based on the use of animal models. The most widely used test in this field is the mouse lethality …",https://journals.plos.org/plosntds/article?id=10.1371/journal.pntd.0014537
"Bacterial profile and antimicrobial resistance patterns of bloodstream infections at Amhara Public Health Institute, Bahir Dar, Ethiopia",Plos.org,2026-07-27T14:00:00Z,"Background Managing bloodstream infections in resource-constrained regions like Ethiopia is challenging due to scarce blood culture surveillance data. To guide empirical therapy, this study determines the bacterial profiles and antimicrobial resistance patter…",https://journals.plos.org/plosone/article?id=10.1371/journal.pone.0354710
Persistence of viable opportunistic pathogens in a multi-stage natural wastewater treatment system,Plos.org,2026-07-27T14:00:00Z,"Nature-based wastewater treatment systems are increasingly implemented to support water reuse in arid regions, yet their effectiveness in removing viable culturable opportunistic pathogens remains insufficiently characterized. In this exploratory, culture-bas…",https://journals.plos.org/plosone/article?id=10.1371/journal.pone.0354338
"Bahrain cannot claim sovereign immunity for spyware attack against UK dissidents, top UK court rules",ComputerWeekly.com,2026-07-27T13:54:00Z,The UK’s Supreme Court rules that Bahrain cannot claim sovereign immunity for infecting the computers of two UK-based dissidents with German-made FinFisher spyware.,https://www.computerweekly.com/news/366646130/Bahrain-cannot-claim-sovereign-immunity-for-spyware-attack-against-UK-dissidents-top-UK-court-rules
"In 1901, conservationists began buying land to protect Mount Desert Island; their first 6,000 acres helped create Acadia National Park",The Times of India,2026-07-27T13:49:34Z,"More than a century before Acadia National Park officially existed, a small group of conservationists began quietly buying land on Mount Desert Island to protect its forests, mountains and coastline from unchecked development. Their grassroots effort, launche…",https://timesofindia.indiatimes.com/world/us/in-1901-a-small-group-began-buying-land-to-save-mount-desert-island-their-first-6000-acres-became-the-foundation-of-acadia-national-park/articleshow/132659861.cms
Saudi downs drones fired by Iran-backed militias in Iraq amid US-Tehran lull,The Times of India,2026-07-27T13:47:51Z,Saudi Arabia intercepted drones launched by Iran-backed militias in Iraq. Mediators are pushing to revive diplomacy and restore an interim ceasefire arrangement. Commercial traffic through the Strait of Hormuz has fallen to its lowest level. Concerns have spr…,https://economictimes.indiatimes.com/news/defence/saudi-downs-drones-fired-by-iran-backed-militias-in-iraq-amid-us-tehran-lull/articleshow/132663323.cms
Saudi downs drones fired by Iran-backed militias in Iraq amid US-Tehran lull,The Times of India,2026-07-27T13:47:51Z,Saudi Arabia intercepted drones launched by Iran-backed militias in Iraq. Mediators are pushing to revive diplomacy and restore an interim ceasefire arrangement. Commercial traffic through the Strait of Hormuz has fallen to its lowest level. Concerns have spr…,https://economictimes.indiatimes.com/news/defence/saudi-downs-drones-fired-by-iran-backed-militias-in-iraq-amid-us-tehran-lull/articleshow/132663078.cms
Australian court rejects racial discrimination appeal by Pauline Hanson,Al Jazeera English,2026-07-27T13:46:06Z,⁠Court upholds earlier ruling ⁠that a post directed at Greens Senator Mehreen Faruqi was unlawful.,https://www.aljazeera.com/news/2026/7/27/australian-court-rejects-racial-discrimination-appeal-by-pauline-hanson
Calcutta High Court Grants Anubrata Mondal Anticipatory Bail,The Times of India,2026-07-27T13:43:18Z,Calcutta High Court grants anticipatory bail to Anubrata Mondal in a 2021 fraud case; FIR filed in 2026. Court orders him to cooperate with investigation.,https://timesofindia.indiatimes.com/city/kolkata/calcutta-high-court-grants-anubrata-mondal-anticipatory-bail/articleshow/132663182.cms
Counterfeit currency racket accused had not circulated fake notes: Police,The Times of India,2026-07-27T13:43:06Z,"Mangaluru police say Uppinangady counterfeit currency racket hadn’t circulated fake notes yet; accused were still preparing, with Ibrahim suspected as key conspirator.",https://timesofindia.indiatimes.com/city/mangaluru/counterfeit-currency-racket-accused-had-not-circulated-fake-notes-police/articleshow/132663232.cms
10 government school students felicitated for clearing NEET in Tirupur,The Times of India,2026-07-27T13:40:54Z,"Tirupur: 10 Iduvampalayam govt school students clear NEET 2026, honoured with ₹25,000 each by VETRY NGO; school’s NEET qualifiers rise from 2 to 10.",https://timesofindia.indiatimes.com/city/coimbatore/10-government-school-students-felicitated-for-clearing-neet-in-tirupur/articleshow/132663170.cms
‘What’s the hurry?’: HC bars cops from arresting Atin before bail plea hearing,The Times of India,2026-07-27T13:40:12Z,"Calcutta High Court bars police from arresting ex-TMC MLA Atin Ghosh until Tuesday bail hearing, criticising state’s haste in arrests in land-grab case.",https://timesofindia.indiatimes.com/city/kolkata/whats-the-hurry-hc-bars-cops-from-arresting-atin-before-bail-plea-hearing/articleshow/132663134.cms
Pakistan monsoon death toll tops 100 in a month as more heavy rain forecast,The Times of India,2026-07-27T13:38:37Z,"Pakistan's National Disaster Management Authority said 109 people have died nationwide since June 26. Many of the deaths were caused by collapsing houses and roofs, with nearly half reported in the northwestern Khyber Pakhtunkhwa province along the Afghan bor…",https://economictimes.indiatimes.com/news/international/world-news/pakistan-monsoon-death-toll-tops-100-in-a-month-as-more-heavy-rain-forecast/articleshow/132663085.cms
"Police issue notices to social media accounts over 'abusive' posts, Pakistan-linked handles probe widens",The Times of India,2026-07-27T13:35:06Z,"The action follows a review of content uploaded during and after the protest, with police scrutinising posts, videos and comments across multiple social media platforms for possible violations of law and their potential impact on public order.",https://economictimes.indiatimes.com/news/india/police-issue-notices-to-social-media-accounts-over-abusive-posts-pakistan-linked-handles-probe-widens/articleshow/132662979.cms
"Exporters seek government intervention as West Asia crisis disrupts shipping, drives up freight rates",BusinessLine,2026-07-27T13:33:48Z,"FIEO flags fewer mother vessel calls, dependence on foreign transhipment hubs and surging freight costs; carriers announce fresh peak-season surcharges",https://www.thehindubusinessline.com/economy/exporters-seek-government-intervention-as-west-asia-crisis-disrupts-shipping-drives-up-freight/article71273021.ece
"PILBS, Mohali to hold liver health camp today",The Times of India,2026-07-27T13:27:20Z,"PILBS Mohali hosts World Hepatitis Day liver health camp on July 28, 2026, offering FibroScan, ultrasound, hepatitis B/C screening and consult for Rs 1000.",https://timesofindia.indiatimes.com/city/chandigarh/pilbs-mohali-to-hold-liver-health-camp-today/articleshow/132662891.cms
Pakistan monsoon death toll tops 100 in a month as more heavy rain forecast,Abcnews.com,2026-07-27T13:26:19Z,"Pakistan's national disaster management agency says the death toll from monsoon rains and flash flooding in Pakistan over the past month has surpassed 100, as weather forecasters warned that more heavy rain is expected across the country later this week",https://abcnews.com/International/wireStory/pakistan-monsoon-death-toll-tops-100-month-heavy-135115888
History-sheeter held for sword-wielding Instagram reel,The Times of India,2026-07-27T13:25:03Z,"Chittorgarh Police arrested history-sheeter Shoaib Lala for a viral Instagram reel showing him cutting a cake with a sword in public, causing panic.",https://timesofindia.indiatimes.com/city/jaipur/history-sheeter-held-for-sword-wielding-instagram-reel/articleshow/132662793.cms
Three held for burying electrocution victim to destroy evidence in Kadur,The Times of India,2026-07-27T13:22:20Z,Three arrested in Kadur for burying man killed by illegal electric fence set for wild boars; body exhumed as police investigate and preserve evidence.,https://timesofindia.indiatimes.com/city/mysuru/three-held-for-burying-electrocution-victim-to-destroy-evidence-in-kadur/articleshow/132662759.cms
"The real price of a superyacht summer in the Mediterranean: Stars including The Kardashians, Kevin Hart and Erling Haaland fork out up to £3M a week to stay on boats with their own gyms and pools - and that's before the tip!",Dailymail.com,2026-07-27T13:14:27Z,It's superyacht summer and stars across the Mediterranean have been spotted on multi million pound vessels in locations from the French Riviera to the Amalfi Coast.,https://www.dailymail.com/tvshowbiz/article-16007537/The-real-price-superyacht-summer-Mediterranean-Stars-including-Kardashians-Kevin-Hart-Erling-Haaland-fork-3M-week-stay-boats-gyms-pools-thats-tip.html
Pakistan monsoon death toll tops 100 in a month as more heavy rain forecast,Yahoo Entertainment,2026-07-27T13:00:55Z,The death toll from monsoon rains and flash flooding in Pakistan over the past month surpassed 100 on Monday as weather forecasters warned that more heavy ra...,https://www.yahoo.com/news/world/articles/pakistan-monsoon-death-toll-tops-130055658.html
"Transcript: Lori Heinel, Global Chief Investment Officer at State Street Investment Management",Ritholtz.com,2026-07-27T13:00:40Z,"﻿       The transcript from this week’s, MiB:Lori Heinel, Global Chief Investment Officer at State Street Investment Management, is below. You can stream and download our full conversation, including any podcast extras, on Apple Podcasts, Spotify, YouTube (vi…",https://ritholtz.com/2026/07/transcript-lori-heinel/
"Sri Lanka vs. Pakistan women prediction, lineups and betting tips for 3rd ODI",Sporting News,2026-07-27T12:50:01Z,"Sri Lanka Women host Pakistan Women in the ODI decider. Get predictions, lineups and betting tips as Athapaththu and Fatima Sana battle for the series.",https://www.sportingnews.com/in/cricket/news/sri-lanka-vs-pakistan-women-prediction-lineups-betting-tips-3rd-odi-fatima-sana-chamari-athapaththu/6f7007e36ecc9ade95ff0961
"Amen Thompson net worth in 2026: Houston Rockets star's earnings, contract, endorsements, investments and lifestyle",The Times of India,2026-07-27T12:48:38Z,"Amen Thompson is rapidly developing into one of the Houston Rockets’ most intriguing young players. Also, his financial future has risen in tandem with his impact on the court. The 4th overall pick in the 2023 NBA Draft has already made a decent amount of mon…",https://timesofindia.indiatimes.com/sports/nba/top-stories/amen-thompson-net-worth-in-2026-houston-rockets-stars-earnings-contract-endorsements-investments-and-lifestyle/articleshow/132662083.cms
"I Crossed Front Lines And Risked My Life, But My Greatest Challenge Was Becoming A Father (24 Pics)",Boredpanda.com,2026-07-27T12:47:47Z,"Photography has taken me across 91 countries—from the war in Ukraine and women fighting on the front lines, to underground LGBTQ+ communities in Iran, Pakistan and Belarus, criminal gangs in Guatemala and Mexico, child labour in Ghana, indigenous tribes deep …",https://www.boredpanda.com/life-photographing-humanity-david-tesinsky/
Judge ‘disappointed’ at lack of engagement from IS supporter who stabbed garda,The Irish Times,2026-07-27T12:23:25Z,"Sentencing of Abdullah Khan, who carried out arson attack on Conor McGregor’s pub, set for October 12th",https://www.irishtimes.com/crime-law/courts/2026/07/27/judge-disappointed-at-lack-of-engagement-from-is-supporter-who-stabbed-garda/
"Pakistan, al voto nella parte del Kashmir amministrato",ANSA.it,2026-07-27T12:03:44Z,"A voter casts their ballot during general elections in Mirpur, Pakistani administered Kashmir, Pakistan, 27 July 2026. (ANSA)",https://www.ansa.it/sito/photogallery/primopiano/2026/07/27/pakistan-al-voto-nella-parte-del-kashmir-amministrato_a7afe578-036c-4405-9089-d8491b6710a8.html
"Red Sea shipping slows after Houthi attack on Saudi Arabia, data shows",Globalsecurity.org,2026-07-27T12:00:00Z,"Ship traffic through Bab el-Mandeb fell on Sunday after Yemeni Houthis attacked Saudi oil installations along the Red Sea coast, while transit through the Strait of Hormuz stayed low over the weekend, Reuters reported, citing shipping data from Kpler.",https://www.globalsecurity.org/military/library/news/2026/07/mil-260727-azertac02.htm
"Civilians Bear Brunt of Rising Hostilities in Ukraine, Black Sea Port Attacks, UN Officials Warn, as Security Council Speakers Decry Impact on Global Food Security",Globalsecurity.org,2026-07-27T12:00:00Z,"Intensified hostilities in Ukraine, the Russian Federation and surrounding maritime corridors are exacting a devastating toll on civilians and imperiling global food security, senior UN officials warned the Security Council today, citing attacks on third-part…",https://www.globalsecurity.org/wmd/library/news/ukraine/2026/07/ukraine-260727-unsc01.htm
High prices and funding cuts stall HIV prevention revolution,UN News,2026-07-27T12:00:00Z,"The AIDS epidemic could stage a comeback amid unequal access to breakthrough prevention medicines and a sharp decline in global funding, according to a UN report released on Monday ahead of the opening of the 26th International AIDS Conference in Rio de Janei…",https://news.un.org/en/story/2026/07/1168033
Iran Says Defense Comes First as US 'Betrays Diplomacy' Again - Foreign Ministry Spox,Globalsecurity.org,2026-07-27T12:00:00Z,"""This memorandum of understanding leaves no room for ambiguity and cannot be interpreted in different ways. What the United States did was a blatant and egregious violation of various provisions of this agreement, and for the third time, diplomacy has been be…",https://www.globalsecurity.org/wmd/library/news/iran/2026/07/iran-260727-sputnik01.htm
"Central Asia Is Increasingly Looking Beyond Iran, Says Analyst Ken Moriyasu",Globalsecurity.org,2026-07-27T12:00:00Z,"The recent military escalation between the US and Iran may have subsided for now, but the geopolitical consequences are only beginning to unfold.",https://www.globalsecurity.org/wmd/library/news/iran/2026/07/iran-260727-rferl02.htm
Kuwait Ratifies Landmark Defense Agreement With Pakistan,Globalsecurity.org,2026-07-27T12:00:00Z,Kuwait has officially ratified a broad defense cooperation pact with Pakistan that was signed in June 2023. The ratification follows high-level military contacts between the two countries,https://www.globalsecurity.org/military/library/news/2026/07/mil-260727-sputnik01.htm
Iran says exchange of messages with U.S. continues through mediators,Globalsecurity.org,2026-07-27T12:00:00Z,"Iranian Foreign Ministry spokesman Esmaeil Baghaei said the United States is exchanging messages with Iran through mediators, including Pakistan and Qatar, Xinhua reported, citing his remarks in an interview with Austrian broadcaster ORF.",https://www.globalsecurity.org/wmd/library/news/iran/2026/07/iran-260727-azertac01.htm
Kuwait Ratifies Landmark Defense Agreement with Pakistan,Globalsecurity.org,2026-07-27T12:00:00Z,"Kuwait's move signals recognition that multipolarity in defining relations is now essential for resilience in an increasingly fragmented regional order, experts said.",https://www.globalsecurity.org/military/library/news/2026/07/mil-260727-sputnik02.htm
Viewpoint: Research Shows Australia Is Vulnerable to Attacks on Indian Ocean Shipping,Insurance Journal,2026-07-27T11:53:36Z,"The closure of the Strait of Hormuz in the US-Iran war has brought home how vital maritime trading routes are to a country like Australia, which conducts 99% of its global trade by sea. Protecting Australia’s supply of critical goods …",https://www.insurancejournal.com/news/international/2026/07/27/879138.htm
"Here Are Monday’s Top Wall Street Analyst Research Calls: Alphabet, Clean Harbors, Ford, Huntington Bancshares, Rivian, Rocket Lab, Terawulf, Vale, Warner Bros. Discovery, and More",24/7 Wall St.,2026-07-27T11:46:37Z,"Wall Street analysts are reshuffling their bets ahead of the busiest earnings week of the quarter, and the moves span everything from legacy automakers to cr...",https://247wallst.com/investing/2026/07/27/here-are-mondays-top-wall-street-analyst-research-calls-alphabet-clean-harbors-ford-huntington-bancshares-rivian-rocket-lab-terawulf-vale-warner-bros-discovery-and-more/
"Operational readiness on display at Kargil's Matayen, Army showcases high-altitude combat capability",The Times of India,2026-07-27T11:28:49Z,The Indian Army demonstrated its combat readiness and technological advancements in Drass.  Drones and remotely piloted systems were featured in the high-altitude demonstration.  Various mobility and surveillance assets were also on display for media represen…,https://economictimes.indiatimes.com/news/defence/operational-readiness-on-display-at-kargils-matayen-army-showcases-high-altitude-combat-capability/articleshow/132659411.cms
Main Vaapas Aaunga OTT release date update: When and where to watch the Diljit Dosanjh starrer emotional period drama,The Times of India,2026-07-27T11:14:03Z,"After winning praise during its theatrical run, Diljit Dosanjh's Main Vaapas Aaunga is now gearing up for its digital premiere. The emotional period drama, set against the backdrop of the 1947 Partition, struck a chord with audiences through its moving story …",https://economictimes.indiatimes.com/magazines/panache/main-vaapas-aaunga-ott-release-date-update-when-and-where-to-watch-the-diljit-dosanjh-starrer-emotional-period-drama/articleshow/132659806.cms
Pakistan's central bank holds key policy rate at 11.5%,CNA,2026-07-27T11:12:46Z,"KARACHI, July 27 : Pakistan's central bank held its key policy rate at 11.50 per cent on Monday, the bank's governor told reporters, as U.S.-Iran hostilities threaten to push up energy costs and inflation in the import-dependent country.The central bank decis…",https://www.channelnewsasia.com/business/pakistans-central-bank-holds-key-policy-rate-115-6280601
Why Europe’s wildfires are proving so fierce and difficult to stop,The Irish Times,2026-07-27T11:08:32Z,"Wind and record-breaking heat are fuelling the continent’s explosive fire season, with Spain and France among worst hit",https://www.irishtimes.com/world/europe/2026/07/27/why-europes-wildfires-are-proving-so-fierce-and-difficult-to-stop/
"FSSAI firm on ‘energy drink’ crackdown despite Pepsi, Red Bull, Monster protest",BusinessLine,2026-07-27T11:05:08Z,"India has ordered makers of high-caffeine beverages sold as “energy drinks” to stop using that ‌description, rejecting efforts to stall the regulatory intervention in a fast-growing market expected to ​be worth $1.6 billion by 2028, according to documents and…",https://www.thehindubusinessline.com/news/fssai-firm-on-energy-drink-crackdown-despite-pepsi-red-bull-monster-protest/article71272277.ece
Why has the US halted its bombing of Iran?,Al Jazeera English,2026-07-27T10:55:52Z,Tit-for-tat strikes have halted in the Middle East even as the scope of the US-Israel war on Iran widens.,https://www.aljazeera.com/news/2026/7/27/why-has-the-us-halted-its-bombing-of-iran
"Iran War: Trump Dithers as Strait of Hormuz Damage Compounds; Ansar Allah-Saudi Conflict Spirals, Adding to Economic Harm; Iran Threatens Retaliation Against Ukraine",Nakedcapitalism.com,2026-07-27T10:42:32Z,Today's Iran war news: The US-Iran strikes remain on hold for a second day. But Netanyahu and other Lindsey Graham fans are in DC this week.,https://www.nakedcapitalism.com/2026/07/iran-war-trump-dithers-as-strait-of-hormuz-damage-compounds-ansar-allah-saudi-conflict-spirals-adding-to-economic-harm-iran-threatens-retaliation-against-ukraine.html
Asia-Bound Tanker Exits Red Sea Via Suez as Others Risk Strait,gcaptain.com,2026-07-27T10:37:03Z,"An Asia-bound supertanker carrying Saudi oil has exited the Red Sea via the longer Suez Canal route while other vessels continue to risk the Bab el-Mandeb Strait, as Houthi threats heighten uncertainty in the region.",https://gcaptain.com/asia-bound-tanker-exits-red-sea-via-suez-as-others-risk-strait/
India Successfully Tests Kusha Long-range Surface-to-Air Missile,The Diplomat,2026-07-27T10:30:00Z,This is an important milestone in India’s evolving multi-layered long-range air defense architecture envisaged under Mission Sudarshan Chakra.,https://thediplomat.com/2026/07/india-successfully-tests-kusha-long-range-surface-to-air-missile/
"India orders Pepsi, Red Bull, Monster and others to drop ‘energy drink’ label despite industry protests",The Times of India,2026-07-27T10:22:59Z,India's food regulator has mandated that beverage brands discontinue the 'energy drink' label. This directive entails a compliance period of ninety days and affects many leading brands. Industry representatives have raised alarms regarding potential damage to…,https://economictimes.indiatimes.com/industry/cons-products/food/india-orders-pepsi-red-bull-monster-and-others-to-drop-energy-drink-label-despite-industry-protests/articleshow/132658451.cms
Explained: Why crude oil prices tumbled over 9% to below $90/bbl in one day,The Times of India,2026-07-27T10:17:11Z,"Crude oil prices plunged more than 9% to $88 a barrel after the US paused strikes on Iran and Tehran signalled restraint, boosting hopes of de-escalation. Reports said China is backing Pakistan's efforts to revive US-Iran peace talks, easing fears of prolonge…",https://economictimes.indiatimes.com/markets/commodities/news/explained-why-crude-oil-prices-tumbled-over-9-to-below-90/bbl-in-one-day/articleshow/132658484.cms
Mediators make progress in US-Iran negotiations to prevent Middle East war,Associated Press,2026-07-27T10:00:39Z,"Mediators have made progress in efforts to bring the United States and Iran back to negotiations and prevent an all-out war in the Middle East, according to two regional officials. This comes after a pause in attacks, with neither the U.S. nor Iran reporting …",https://apnews.com/article/iran-us-hormuz-strait-war-qatar-pakistan-d57e675a7be6dbdd34561909ced240d0
Jake Dennis on taking the championship lead: “It's going to be an incredible fight with the five of us”,The Times of India,2026-07-27T09:53:33Z,Andretti driver Jake Dennis now leads the Formula E world championship after securing a double podium at the Tokyo E-Prix. He recently opened up about leading the title race and expressed his excitement about competing at the upcoming London E-Prix next month…,https://timesofindia.indiatimes.com/sports/formula-e/jake-dennis-on-taking-the-championship-lead-its-going-to-be-an-incredible-fight-with-the-five-of-us/articleshow/132657955.cms
Red Sea Tanker Traffic Falls to Multi-Month Low After Houthi Threats,OilPrice.com,2026-07-27T09:40:00Z,Tanker traffic through the Bab el-Mandeb Strait slumped to a multi-month low on Sunday amid Houthi attacks on Saudi oil infrastructure on the Red Sea coast. Only 11 tankers carrying commodities transited the Bab el-Mandeb chokepoint between the Red Sea and th…,https://oilprice.com/Latest-Energy-News/World-News/Red-Sea-Tanker-Traffic-Falls-to-Multi-Month-Low-After-Houthi-Threats.html
Oil prices sink as US-Iran pause fuels fresh Hormuz hopes,Vanguard,2026-07-27T09:34:15Z,"Oil prices tumbled on Monday as a pause in tit-for-tat strikes between the United States and Iran boosted hopes for a return to their ceasefire and negotiations on reopening the Strait of Hormuz.
The post Oil prices sink as US-Iran pause fuels fresh Hormuz ho…",https://www.vanguardngr.com/2026/07/oil-prices-sink-as-us-iran-pause-fuels-fresh-hormuz-hopes/
US-Iran peace optimism boosts market risk appetite amid ongoing tensions,Crypto Briefing,2026-07-27T09:33:41Z,"Market optimism reflects potential economic benefits of US-Iran peace, but fragile diplomacy and military tensions pose significant risks.
The post US-Iran peace optimism boosts market risk appetite amid ongoing tensions appeared first on Crypto Briefing.",https://cryptobriefing.com/us-iran-peace-optimism-boosts-market-risk-appetite-amid-ongoing-tensions/
'Not your job': Usman Tariq's bold message to opponents over questions being raised on controversial bowling action,Cricketnews.com,2026-07-27T09:03:31Z,"Pakistan spinner Usman Tariq has hit back at opponents questioning his bowling action, insisting that only umpires and officials have the authority to judge its legality.",https://www.cricketnews.com/en/cricket/news/usman-tariq-message-opponents-questions-raised-controversial-action/2b629b67a9020f2e0efe8771
How Trump’s “America First” Administration Could Shut U.S. Scientists Out of the Next Nobel-Worthy Discovery,ProPublica,2026-07-27T09:00:00Z,"A proposed White House rule would give political appointees unprecedented control over scientific funding. One physicist, who helped discover the Higgs boson, explains how the rule would’ve stifled that breakthrough.",https://www.propublica.org/article/federal-science-grants-russell-vought-omb
"As climate extremes collide, attribution science evolves",National Observer,2026-07-27T08:55:05Z,A National Academy of Sciences report on extreme climate event attribution confronts political climate denialism with scientific evidence.,https://www.nationalobserver.com/2026/07/27/news/attribution-science-versus-climate-denialism
Oil prices dip as US-Iran pause fuels fresh Hormuz hopes,The Punch,2026-07-27T08:53:20Z,"Oil prices dip as US-Iran pause in strikes boosts hopes for a ceasefire and reopening of the Strait of Hormuz, easing inflation worries.

Read More: https://punchng.com/oil-prices-dip-as-us-iran-pause-fuels-fresh-hormuz-hopes/",https://punchng.com/oil-prices-dip-as-us-iran-pause-fuels-fresh-hormuz-hopes/
"Death toll from Pakistan monsoon rains, floods tops 100",Al Jazeera English,2026-07-27T08:53:05Z,"Punjab’s monsoon season usually lasts until September, and more rain is expected this week.",https://www.aljazeera.com/news/2026/7/27/death-toll-from-pakistan-monsoon-rains-floods-tops-100
"Pakistan, China Sign $850 Million Deals to Boost Pharmaceutical Cooperation",The Diplomat,2026-07-27T08:44:00Z,"The costs of Pakistan’s dependence on imports for medicines and vaccines are huge, Chinese investment could end this reliance.",https://thediplomat.com/2026/07/pakistan-china-sign-850-million-deals-to-boost-pharmaceutical-cooperation/
U.S. and Iran pause fighting to give peace talks 'space.' Here's where negotiations stand,CNBC,2026-07-27T08:07:20Z,"A temporary pause to the U.S.-Iran conflict appeared to hold on Monday, after negotiations over a lasting peace faced fresh hurdles over the weekend.",https://www.cnbc.com/2026/07/27/us-iran-war-trump-hormuz.html
Australian right-wing leader Pauline Hanson loses appeal in racial discrimination case,Yahoo Entertainment,2026-07-27T08:06:41Z,"By Christine Chen SYDNEY, July 27 (Reuters) - An Australian court on Monday rejected an appeal from right-wing leader Pauline Hanson to overturn a ruling tha...",https://www.yahoo.com/news/articles/australian-wing-leader-pauline-hanson-060205087.html
"Iran not seeking new talks with US, says official Baghaei",Crypto Briefing,2026-07-27T07:58:18Z,"Iran's stance may prolong diplomatic tensions, affecting regional stability and reducing the likelihood of resolving the blockade soon.
The post Iran not seeking new talks with US, says official Baghaei appeared first on Crypto Briefing.",https://cryptobriefing.com/iran-not-seeking-new-talks-with-us-says-official-baghaei/
Saudi oil can still get out — but it won’t be cheap or easy,The Times of India,2026-07-27T07:32:54Z,"Saudi Arabia faces a challenge rerouting oil exports due to Houthi attacks.  An existing pipeline bypasses the Strait of Hormuz, but a new detour is needed.  This new bypass requires additional pipelines and significant diplomatic efforts.  The kingdom must n…",https://economictimes.indiatimes.com/industry/energy/oil-gas/saudi-arabia-oil-can-still-get-out-but-it-wont-be-cheap-or-easy-hormuz-red-sea-houthi-blockade-bab-el-mandeb-tanker-attack-iran-war/articleshow/132654979.cms
Pakistan Condemns Remarks by Indian Defense Minister,Globalsecurity.org,2026-07-27T07:21:18Z,The Government of Pakistan condemns in the strongest possible terms the highly provocative and irresponsible comments by the Indian Defence Minister in the context of Jammu and Kashmir dispute.,https://www.globalsecurity.org/military/library/news/2026/07/mil-260727-pakistan-mfa01.htm
Iran says exchange of messages with U.S. continues through mediators,Globalsecurity.org,2026-07-27T07:21:18Z,"Iranian Foreign Ministry spokesman Esmaeil Baghaei said the United States is exchanging messages with Iran through mediators, including Pakistan and Qatar, according to Iranian media reports, citing his remarks in an interview with Austrian broadcaster ORF.",https://www.globalsecurity.org/wmd/library/news/iran/2026/07/iran-260727-pdo01.htm
Rupiah projected to strengthen amid easing Middle East tensions,Antaranews.com,2026-07-27T07:02:16Z,Doo Financial Futures analyst Lukman Leong projected that the rupiah would strengthen as geopolitical tensions in the Middle East have started to ...,https://en.antaranews.com/news/424128/rupiah-projected-to-strengthen-amid-easing-middle-east-tensions
Emerging markets stare at inflation risks as powerful El Niño looms,Yahoo Entertainment,2026-07-27T06:45:14Z,By Siddarth S and Johann M Cherian July 27 (Reuters) - Emerging economies already strained by the Middle East conflict face a new threat: a potentially power...,https://finance.yahoo.com/economy/policy/articles/emerging-markets-stare-inflation-risks-064514843.html
Netflix India Boss Monika Shergill Eyes Global Format Adaptations After “Captive Reality” Series ‘Lock Upp’ Hits 50 Million Hours,Deadline,2026-07-27T06:30:00Z,"EXCLUSIVE: Is Netflix eyeing an Indian version of Love is Blind or Too Hot to Handle? In an exclusive interview with Deadline, Netflix India VP of Content Monika Shergill revealed her service was working on developing Netflix-owned unscripted formats locally,…",http://deadline.com/2026/07/netflix-lock-upp-views-monika-shergill-interview-1237002417/
Australian court upholds racial discrimination ruling against Pauline Hanson,BBC News,2026-07-27T06:14:06Z,One Nation leader loses bid to overturn ruling that she racially discriminated against Senator Mehreen Faruqi.,https://www.bbc.co.uk/news/articles/cx2k5v9202wo
Trump’s Leaked Oval Office Rant Reveals Frustration Over Unending Iran Conflict,Naturalnews.com,2026-07-27T06:00:00Z,"U.S. President Donald Trump launched an expletive-filled tirade against Iranian leaders during a recent Oval Office meeting, according to a person who heard the comments. The outburst, which included references to Iranian officials as “scumbags” and “lunatics…",https://www.naturalnews.com/2026-07-27-trump-leaked-rant-reveals-frustration-iran-conflict.html
"Terminal Istanbul’s first phase to launch soon, says Minister",Hurriyet Daily News,2026-07-27T05:42:45Z,"The initial phase of the Terminal Istanbul project, being developed at Atatürk Airport, will enter service soon, Industry and Technology Minister Mehmet Fatih Kacır has announced.",https://www.hurriyetdailynews.com/terminal-istanbuls-first-phase-to-launch-soon-says-minister-224842
Pakistan’s Kashmir votes: Why the election hinges on 12 disputed seats,Al Jazeera English,2026-07-27T05:38:06Z,"The fight over refugee representation has revived longstanding questions about democracy, autonomy and political power.",https://www.aljazeera.com/news/2026/7/27/pakistans-kashmir-votes-why-the-election-hinges-on-12-disputed-seats
The choice that will shape the new Middle East,Israelnationalnews.com,2026-07-27T05:37:06Z,"As the world celebrated the collapse of apartheid, communism, and Nazism, so too the day will eventually come when Islamist terrorism meets the same fate. Opinion.",https://www.israelnationalnews.com/news/430809
Australian court upholds racial discrimination ruling against Pauline Hanson,Biztoc.com,2026-07-27T05:34:04Z,"Australian populist leader Pauline Hanson racially discriminated against a Muslim senator in a 2022 tweet by telling her to return to Pakistan, a court has said, upholding an earlier ruling.
The One Nation party leader had appealed a 2024 ruling that she had …",https://biztoc.com/x/e8f764d2dfca14aa
Pakistan's decades-old Kashmir story starts coming apart in PoK,The Times of India,2026-07-29T16:01:14Z,Protests in Pakistan-occupied Kashmir challenge Islamabad's long-held narrative. Pakistani forces faced accusations of killing dozens of demonstrators during recent unrest. The defense minister's remarks equating protesters with India caused significant rheto…,https://economictimes.indiatimes.com/news/international/global-trends/pakistans-decades-old-kashmir-story-starts-coming-apart-in-pok/articleshow/132716340.cms
Why India needs a plan to protect refugees,Livemint,2026-07-29T15:56:21Z,"While India has sheltered several refugee communities, the absence of a legal framework and policies leaves many unable to rebuild stable lives.",https://www.livemint.com/opinion/online-views/why-india-needs-a-plan-to-protect-refugees-unhcr-migrants-displacement-asylum-11785330460255.html
Conflicts can spread infectious diseases while making outbreaks harder to detect,The Conversation Africa,2026-07-29T15:53:38Z,"The world’s pandemic early-warning system is weakest in places affected by armed conflict, where the risk of outbreaks is often greatest.",https://theconversation.com/conflicts-can-spread-infectious-diseases-while-making-outbreaks-harder-to-detect-287267
John Kiriakou Has a Podcast!,Antiwar.com,2026-07-29T15:35:11Z,"John Kiriakou is an American Hero. Kiriakou joined the CIA in 1990 and became a Middle East analyst focusing on Iraq.   Later, he became a counter-terrorism operating officer working in Greece, and after the September 11, 2001 terrorist attacks he was made Ch…",https://www.antiwar.com/blog/2026/07/29/john-kiriakou-has-a-podcast/
Ships passing through Bab el-Mandeb reach one-week high,Daily Sabah,2026-07-29T15:15:37Z,"The number of ships transiting the Bab el-Mandeb Strait on Tuesday reached ​the highest level since July 19, preliminary shipping data showed on...",https://www.dailysabah.com/business/economy/ships-passing-through-bab-el-mandeb-reach-one-week-high
US trade pact — a one-way street?,BusinessLine,2026-07-29T15:08:04Z,"The US was clear that it would prioritise the interests of its own stakeholders, without guaranteeing reciprocal advantages to partners",https://www.thehindubusinessline.com/opinion/us-trade-pact-a-one-way-street/article71282117.ece
Iran set to receive up to 400 Chinese shoulder-fired air-defense systems within weeks - The Times of Israel,Slashdot.org,2026-07-29T14:52:49Z,"Iran set to receive up to 400 Chinese shoulder-fired air-defense systems within weeksThe Times of Israel EXCLUSIVE: Iran to get Chinese shoulder-launched missile systems in weeks, sources sayReuters China to send rocket launchers to IranThe Telegraph Reuters:…",https://slashdot.org/firehose.pl?op=view&amp;id=184751810
Why Saudi Arabia holds the key to Palestinian statehood,Al Jazeera English,2026-07-29T14:39:57Z,Riyadh’s position in the Arab and Islamic worlds bears significant weight in the prospect of normalisation with Israel.,https://www.aljazeera.com/opinions/2026/7/29/why-saudi-arabia-holds-the-key-to-palestinian-statehood
‘Customs officer’ steals gold jewellery worth ₹12 lakh at Chennai airport,The Times of India,2026-07-29T14:31:57Z,Man impersonating a Customs officer stole a Rs 12 lakh gold necklace from a passenger at Chennai airport; police filed a case and are tracking him via CCTV.,https://timesofindia.indiatimes.com/city/chennai/customs-officer-steals-gold-jewellery-worth-12-lakh-at-chennai-airport/articleshow/132714797.cms
Assam board rolls out free duplicate documents for students hit by flood crisis,The Times of India,2026-07-29T14:26:44Z,"The Assam State School Education Board (ASSEB) has introduced a temporary relief measure for students affected by the recent floods by offering free duplicate copies of marksheets, certificates, admit cards and registration documents. Eligible students from f…",https://timesofindia.indiatimes.com/education/news/assam-board-rolls-out-free-duplicate-documents-for-students-hit-by-flood-crisis/articleshow/132714301.cms
Zoho’s Arattai introduces Aadhaar-based verification,The Times of India,2026-07-29T14:25:02Z,"Zoho’s Arattai adds optional Aadhaar-based verification with a permanent green check, plus end-to-end encryption and encrypted cloud chat backups to curb spoofing.",https://timesofindia.indiatimes.com/city/chennai/zohos-arattai-introduces-aadhaar-based-verification/articleshow/132714680.cms
Pronunciation assessment in foreign language learning: Reliability and scoring bias in human–generative AI evaluation,Plos.org,2026-07-29T14:00:00Z,"This study examines the reliability and scoring bias of generative AI (Gen-AI)-based pronunciation assessment compared with human raters, addressing whether AI-generated scores can be trusted in real educational settings. Sixty students participated in a 12-w…",https://journals.plos.org/plosone/article?id=10.1371/journal.pone.0354603
"Efficacy and safety of prebiotics, probiotics, and synbiotics on hemoglobin and anemia in the pediatric population: A systematic review and meta-analysis",Plos.org,2026-07-29T14:00:00Z,"Aim To evaluate the efficacy and safety of prebiotics, probiotics, and synbiotics on hemoglobin levels and anemia in the pediatric population.   Methods We conducted a systematic review and meta-analysis of randomized clinical trials (RCTs). PubMed, Embase, a…",https://journals.plos.org/plosone/article?id=10.1371/journal.pone.0354681
Textiles Ministry weighs parity for exporters as rivals gain US tariff quota relief,BusinessLine,2026-07-29T13:57:01Z,Begins internal consultations on gaining level playing field in the US;  awaits details of the TRQ measures announced under Section 301 forced labour regime,https://www.thehindubusinessline.com/economy/textiles-ministry-weighs-parity-for-exporters-as-rivals-gain-us-tariff-quota-relief/article71281835.ece
Coming to Terms With Middle-Power Populism,Foreign Policy,2026-07-29T13:53:53Z,How to build a world order with leaders who prefer Trump to Carney.,http://foreignpolicy.com/2026/07/29/middle-powers-populism-trump-modi-carney-cooperation/
"EXCLUSIVE: Iran to get Chinese shoulder-launched missile systems in weeks, sources say - Reuters",Slashdot.org,2026-07-29T13:53:33Z,"EXCLUSIVE: Iran to get Chinese shoulder-launched missile systems in weeks, sources sayReuters China reportedly plans to send Iran hundreds of missiles despite Trump warningYnetnews Iran And The U.S. Continue Fighting. Tehran Is Now Reportedly Set To Get More …",https://slashdot.org/firehose.pl?op=view&amp;id=184751134
"Indian rice prices increase on El Nino factor, but still stay competitive f.o.b basis",BusinessLine,2026-07-29T13:42:58Z,Indian rice prices rise due to El Nino but remain competitive; Pakistan's limited supply affects cost-and-freight competition.,https://www.thehindubusinessline.com/economy/agri-business/indian-rice-prices-increase-on-el-nino-factor-but-still-stay-competitive-fob-basis/article71281755.ece
Australia's Sam Konstas' brother Billy earns Greece call-up for 2028 T20 World Cup qualifiers: Greece replicating Italy model,Cricketnews.com,2026-07-29T13:40:25Z,"Cricket fans got a fun surprise earlier this week as Billy Konstas, brother of Aussie star Sam Konstas, gets called up for Greece's squad for the 2024 T20 World Cup qualifiers.",https://www.cricketnews.com/en/cricket/news/australia-sam-konstas-brother-billy-greece-2028-t20-wc-qualifiers/541500dbcfd9f540155851ff
"EXCLUSIVE: Yemen's Houthis considering fees for ships sailing through Red Sea, sources say - Reuters",Slashdot.org,2026-07-29T13:13:29Z,"EXCLUSIVE: Yemen's Houthis considering fees for ships sailing through Red Sea, sources sayReuters Houthis Claim Strike on Another Saudi Oil TankerThe New York Times Will Pakistan intervene amid Houthi attacks on Saudi ships?DW.com A Truce in Yemen Unravels, T…",https://slashdot.org/firehose.pl?op=view&amp;id=184750530
"Mohitt Maalik recalls emotional visit to Shirdi old-age home: 'They ask for our time, not charity'",The Times of India,2026-07-29T12:58:34Z,"Mumbai, Actor Mohit Malik opened up about his heartfelt visit to an old-age home in Shirdi with his wife Aditi Malik. The 'Mirzapur' actor shared how .",https://timesofindia.indiatimes.com/tv/news/hindi/mohitt-maalik-recalls-emotional-visit-to-shirdi-old-age-home-they-ask-for-our-time-not-charity/articleshow/132709526.cms
GTA 6 could launch without one of its biggest features in Australia,TweakTown,2026-07-29T12:12:04Z,"Australian GTA Online players randomly lost access to the in-game gambling at Diamond Resort Casino, sparking concerns about GTA 6's in-game gambling.Continue reading at TweakTown",https://www.tweaktown.com/news/112901/gta-6-could-launch-without-one-of-its-biggest-features-in-australia/index.html
Why Iran is in no hurry – none at all – to return to talks with the US,Protothema.gr,2026-07-29T12:12:00Z,"Tehran believes that time, pressure on global energy markets and control over the Strait of Hormuz can lead it to a deal negotiated from a position of strength - not one born of concession
The post Why Iran is in no hurry – none at all – to return to talks wi…",https://en.protothema.gr/2026/07/29/why-iran-is-in-no-hurry-none-at-all-to-return-to-talks-with-the-us/
How The Iran War Is Changing Security Dynamics In The Middle East,Globalsecurity.org,2026-07-29T12:00:00Z,"The prolonged US-Iran war has prompted many Persian Gulf nations to reassess their defense needs. For Pakistan, which has acted as a mediator in negotiations between Tehran and Washington, the conflict has created an opportunity to stabilize its fragile econo…",https://www.globalsecurity.org/wmd/library/news/iran/2026/07/iran-260729-rferl04.htm
Explainer: What to happen after pause of U.S.-Iran conflict in 6th month?,Globalsecurity.org,2026-07-29T12:00:00Z,Will the U.S.-Iran conflict reignite into a full-scale war or turn into a high-stakes game of diplomatic chess after a current pause in its sixth month? This question has drawn global attention to every move by Washington and Tehran.,https://www.globalsecurity.org/wmd/library/news/iran/2026/07/iran-260729-pdo01.htm
China Reportedly Sending Iran Shoulder-Launched Missile Systems,Globalsecurity.org,2026-07-29T12:00:00Z,"Iran expects to receive the first shipment of up to 400 Chinese-made shoulder-launched air defense systems in the next few weeks, Reuters has reported.",https://www.globalsecurity.org/wmd/library/news/iran/2026/07/iran-260729-rferl07.htm
'We created mujahideens to bleed India. Now they have turned guns on us': Pak PM aide Rana Sanaullah video goes viral amid PoK elections,The Times of India,2026-07-29T11:38:06Z,A Pakistani official admitted to training militants who have become a domestic issue.  These armed groups are now causing significant problems within Pakistan's borders.  Unrest is escalating in Pakistan-occupied Kashmir during ongoing assembly elections.  Pr…,https://economictimes.indiatimes.com/news/new-updates/we-created-mujahideens-to-bleed-india-now-they-have-turned-guns-on-us-pak-pm-aide-rana-sanaullah-video-goes-viral-amid-pok-elections/articleshow/132710573.cms
"Iran hits US in Jordan, US-Saudi strikes on Iraq: Is war spreading?",Al Jazeera English,2026-07-29T11:34:58Z,The US says it intercepts an Iranian 'surprise attack' on US forces as fears rise of wider war.,https://www.aljazeera.com/news/2026/7/29/iran-hits-us-in-jordan-us-saudi-strikes-on-iraq-is-war-spreading
7 natural drinks that support better kidney function and help detox,Economictimes.com,2026-07-29T11:33:41Z,"Lemon water is one of the most studied drinks for kidney health. A review published in Nutrients (PMC) found that citrus juice, especially lemon, raises urinary citrate levels, which actively blocks the formation of calcium oxalate kidney stones. A glass of w…",https://m.economictimes.com/news/india/7-natural-drinks-that-support-better-kidney-function-and-help-detox/lemon-water/slideshow/132710982.cms
The Trump administration seeks exit from Iran conflict amid latest strikes,Crypto Briefing,2026-07-29T11:33:08Z,"The Trump administration's exit strategy may shift US-Iran dynamics towards negotiation, impacting future diplomatic and economic relations.
The post The Trump administration seeks exit from Iran conflict amid latest strikes appeared first on Crypto Briefing.",https://cryptobriefing.com/the-trump-administration-seeks-exit-from-iran-conflict-amid-latest-strikes/
"MEA goes the meme way to reinforce India’s position on J&K, Ladakh",The Times of India,2026-07-29T10:29:34Z,"India News: In a creative initiative, the Indian Ministry of External Affairs uses a viral meme to counter misinformation regarding Jammu and Kashmir and Ladakh, asserting their integral status as part of India amid ongoing claims by Pakistan.",https://timesofindia.indiatimes.com/india/integral-and-inalienable-parts-mea-takes-meme-route-to-reiterate-indias-stand-on-jk-ladakh/articleshow/132707944.cms
pypsx-toolkit 3.0.2,Pypi.org,2026-07-29T10:22:57Z,Pakistan Stock Exchange (PSX) data library with yfinance-like API,https://pypi.org/project/pypsx-toolkit/3.0.2/
Vaibhav Sooryavanshi jumps 230 spots to career-best 48th in ICC T20I rankings,The Times of India,2026-07-29T10:17:56Z,Vaibhav Sooryavanshi achieved a career-best 48th rank in T20I batting. Ishan Kishan maintains the top spot in T20I batting rankings. Tilak Varma and Shreyas Iyer also advanced in the T20I batting list. Ravi Bishnoi moved up to 41st among T20I bowlers. Shubman…,https://economictimes.indiatimes.com/news/sports/cricket/vaibhav-sooryavanshi-jumps-230-spots-to-career-best-48th-in-icc-t20i-rankings/articleshow/132708875.cms
Fashion Roundtable Calls on Prime Minister Andy Burnham to Support U.K. Textile Manufacturing,WWD,2026-07-29T10:13:22Z,The think tank has written an open letter to the prime minister calling for public procurement textile contracts to be awarded to suppliers who manufacture in the U.K.,http://wwd.com/business-news/government-trade/fashion-roundtable-andy-burnham-support-uk-textile-industry-1239086353/
'A fairytale Ashes Return!' Australia coach Andrew McDonald claims Ben Stokes story isn't over despite shock England retirement,Cricketnews.com,2026-07-29T09:36:52Z,"Australia coach Andrew McDonald believes Ben Stokes could come out of retirement for the next Ashes series, claiming the all-rounder has 'good cricket left.'",https://www.cricketnews.com/en/cricket/news/ashes-return-australia-andrew-mcdonald-ben-stokes-england-retirement/bc3eb33322f85c09bd69958d
McKeown and Kelly make winning start to pairs campaign,BBC News,2026-07-29T09:26:04Z,"Adam McKeown has been waiting to make his first appearance at these Commonwealth Games and along with singles bronze medallist Gary Kelly, they made an impressive start to the men’s pairs beating Tonga’s Chad Nathan and Liam Hill 8-2, 8-2.",https://www.bbc.com/sport/articles/c1l1j57m43yo?xtor=AL-72-%5Bpartner%5D-%5Byahoo.north.america%5D-%5Bheadline%5D-%5Bsport%5D-%5Bbizdev%5D-%5Bisapi%5D
Shubman Gill regains No. 1 spot in ODI batting rankings; Vaibhav Sooryavanshi jumps in T20I charts,The Times of India,2026-07-29T09:17:45Z,"Shubman Gill has reclaimed the number one ODI batting ranking from Daryl Mitchell. Vaibhav Sooryavanshi jumped 230 places to reach 48th in T20I rankings. Ishan Kishan leads T20I rankings with a high rating, surpassing other Indian players. Ravi Bishnoi advanc…",https://economictimes.indiatimes.com/news/sports/cricket/shubman-gill-regains-no-1-spot-in-odi-batting-rankings-vaibhav-sooryavanshi-jumps-in-t20i-charts/articleshow/132707498.cms
"How to watch Global Super League in India? Live stream, TV channel, schedule for T20 cricket tournament",Sporting News,2026-07-29T08:56:09Z,"Find out where to watch the Global Super League 2026 live in India, including streaming details, TV channels and full schedule.",https://www.sportingnews.com/in/cricket/news/watch-global-super-league-india-live-stream-tv-channel-schedule-t20-cricket/5eb271a539017a03bdbd99ea
"'Water cannons roar, protester climbs atop vehicle': High drama at Waris Punjab De protest over Amritpal Singh's release demand",The Times of India,2026-07-29T08:20:44Z,Akali Dal Waris Punjab De members protested in Chandigarh on Wednesday. They demanded the release of MP Amritpal Singh and other Sikh leaders. Police blocked protesters at the Chandigarh-Mohali border with barricades. Water cannons were used to disperse demon…,https://timesofindia.indiatimes.com/city/chandigarh/water-cannons-roar-protester-climbs-atop-vehicle-dramatic-scenes-at-waris-punjab-de-stir-over-amritpal-singhs-release/articleshow/132706256.cms
Seales takes five wickets as West Indies beat Pakistan in first Test,Al Jazeera English,2026-07-29T08:16:08Z,West Indies take a 1-0 lead in the two-Test series after Jayden Seales dominates with the ball on day 4 in Trinidad.,https://www.aljazeera.com/sports/2026/7/29/seales-takes-five-wickets-as-west-indies-beat-pakistan-in-first-test
'Weren't upto the mark': Babar Azam points out two key reasons for Pakistan's 90-run defeat to West Indies,Cricketnews.com,2026-07-29T07:58:26Z,"Babar Azam admitted Pakistan 'weren't up to the mark' as a batting unit in their 90-run loss to West Indies, blaming top-order collapses and key injuries.",https://www.cricketnews.com/en/cricket/news/babar-azam-two-key-reasons-pakistan-90-run-defeat-west-indies/643d93f6dd1fc05075f98689
"'Schools closed, traffic hit': Farmers' protest in Bhopal enters day 2; police tighten security ahead of CM House march",The Times of India,2026-07-29T07:42:19Z,Farmers in Bhopal continue their protest for a second day over procurement and pricing issues. Police have increased security and erected barricades to prevent a march towards the chief minister's residence. Traffic disruptions are ongoing on Hoshangabad Road…,https://timesofindia.indiatimes.com/city/bhopal/schools-closed-traffic-hit-farmers-protest-in-bhopal-enters-day-2-police-tighten-security-ahead-of-cm-house-march/articleshow/132705252.cms
Isha Foundation's Gramotsavam is making its debut in Haryana,The Times of India,2026-07-29T07:40:47Z,"Haryana hosts India's largest rural sports festival, Isha Gramotsavam, for the first time. This event aims to strengthen communities and showcase rural youth and women's sporting talents. Cluster matches begin August 1-2 in Hisar and Kurukshetra, followed by …",https://timesofindia.indiatimes.com/speaking-tree/conscious-circle/isha-foundations-gramotsavam-is-making-its-debut-in-haryana/articleshow/132705579.cms
Monalisa's love affair with Goa began with one trip,The Times of India,2026-07-29T07:39:44Z,Actress Monalisa and husband Vikrant Singh Rajpoot now visit Goa frequently. The coastal state has become their preferred escape from Mumbai's busy life.,https://timesofindia.indiatimes.com/tv/news/hindi/monalisas-love-affair-with-goa-began-with-one-trip/articleshow/132705528.cms
Ten-year-old girl who was killed in Cavan crash days after her mother died is named,TheJournal.ie,2026-07-29T07:39:07Z,"Irena Mereacre died on Tuesday afternoon, days after her mother Nell Raven was pronounced dead at the scene of the collision in Shercock.",https://www.thejournal.ie/irena-mereacre-cavan-crash-7116212-Jul2026/
Does Permanent Happiness Exist?,The Times of India,2026-07-29T07:33:43Z,"Our lives reflect past karmas, causing temporary happiness and unhappiness. Physical and mental suffering arise from these past actions. Uncontrollable factors also contribute to life's difficulties. Permanent happiness comes from realizing the Soul, which is…",https://timesofindia.indiatimes.com/speaking-tree/daily-ecstasy/does-permanent-happiness-exist/articleshow/132705397.cms
"Guru Purnima: A Reflection Of An Enduring Bond Of Knowledge, Wisdom And Trust",The Times of India,2026-07-29T07:25:06Z,The guru-shishya bond signifies selfless service and compassionate commitment. A guru removes darkness and nurtures noble thoughts for the shishya. The selection process involves resonant energy and inner spiritual yearning. This kinship is united by consciou…,https://timesofindia.indiatimes.com/speaking-tree/daily-ecstasy/guru-purnima-a-reflection-of-an-enduring-bond-of-knowledge-wisdom-and-trust/articleshow/132705258.cms
"Rishab, Jasmine to headline glitzy UPT20 opening in Lucknow",The Times of India,2026-07-29T07:20:04Z,The Uttar Pradesh T20 League's fourth edition begins August 14 with a grand opening ceremony. This event will celebrate the state's rich cultural heritage and identity. Globally acclaimed artists Rishab Rikhiram Sharma and Jasmine Sandlas will perform for the…,https://timesofindia.indiatimes.com/sports/off-the-field/rishab-jasmine-to-headline-glitzy-upt20-opening-in-lucknow/articleshow/132704956.cms
Beyond the Teacher: Why Our Age Needs the Acharya,The Times of India,2026-07-29T07:19:37Z,"Daily Ecstasy News: We have never possessed more information—and perhaps never felt less certain about what to do with it. A teenager can learn mathematics from a screen,.",https://timesofindia.indiatimes.com/speaking-tree/daily-ecstasy/beyond-the-teacher-why-our-age-needs-the-acharya/articleshow/132705025.cms
CBSE Class 12th supplementary exam result 2026 likely to be out soon at cbse.gov.in: Check complete details here,The Times of India,2026-07-29T07:17:44Z,"The CBSE is expected to announce the Class 12 Supplementary Result 2026 in August on its official websites. More than 1.63 lakh compartment candidates appeared for the examination held on July 28, seeking another chance to clear their board exams. Students wi…",https://timesofindia.indiatimes.com/education/news/cbse-class-12th-supplementary-exam-result-2026-expected-to-be-released-soon-at-cbse-gov-in-check-complete-details-here/articleshow/132704867.cms
Mother and daughter killed in Cavan crash named locally,RTE,2026-07-29T06:56:25Z,"The 10-year-old girl who died from injuries she sustained in a crash in Cavan, which also claimed the life of her mother, has been named locally as Irena Mereacre.",https://www.rte.ie/news/ulster/2026/0729/1585554-cavan-crash/
Iran to get Chinese shoulder-launched missile systems in weeks: report,New York Post,2026-07-29T06:46:33Z,"Iran needs to rearm after months of fighting in which the US and Israel have struck facilities linked to its missile, drone and air-defense programs.",https://nypost.com/2026/07/29/world-news/iran-to-get-chinese-shoulder-launched-missile-systems-in-weeks/
"'Scared to face WI bowlers, fake king': Babar Azam trolled after Pakistan captain leaves tailender exposed in West Indies defeat",Cricketnews.com,2026-07-29T06:38:31Z,Babar Azam faces social media backlash for exposing Pakistan tailenders in the 1st Test loss to West Indies.,https://www.cricketnews.com/en/cricket/news/fake-king-babar-azam-trolled-pakistan-captain-west-indies-defeat/c7ca8e0746b73bf801db18e6
Sunny Deol:'We Don't Make Films To Create Controversy',Rediff.com,2026-07-29T06:17:19Z,"'We don't make films to create controversy. I believe our stories are sincere and pure. When people watch them, they connect emotionally.'",https://www.rediff.com/movies/report/sunny-deol-we-dont-make-films-to-create-controversy-video/20260729.htm
Greece call up Konstas to help T20 World Cup bid,BBC News,2026-07-29T05:30:19Z,Greece call up the brother of Australia batter Sam Konstas to their national cricket team as they aim to become surprise contenders to qualify for the 2028 men's T20 World Cup.,https://www.bbc.com/sport/cricket/articles/c0qvnq9dqzno?xtor=AL-72-%5Bpartner%5D-%5Byahoo.north.america%5D-%5Bheadline%5D-%5Bsport%5D-%5Bbizdev%5D-%5Bisapi%5D
Scale and onshoring shielded us from geopolitical shocks: Birla,The Times of India,2026-07-29T05:29:48Z,"Kumar Mangalam Birla says scale, onshoring and strong customer ties helped Aditya Birla Group withstand geopolitical shocks; UltraTech cash flow rose 50%.",https://timesofindia.indiatimes.com/city/chennai/scale-and-onshoring-shielded-us-from-geopolitical-shocks-birla/articleshow/132701710.cms
Türkiye delivers humanitarian aid to 85 countries,Hurriyet Daily News,2026-07-29T05:25:29Z,"Türkiye has provided humanitarian assistance to 85 countries and communities across five continents through operations coordinated by the Disaster and Emergency Management Authority (AFAD), according to data compiled by state-run Anadolu Agency.",https://www.hurriyetdailynews.com/turkiye-delivers-humanitarian-aid-to-85-countries-224945
Echoes: Why Is Horror the Most Untapped Genre in Lollywood?,Screenanarchy.com,2026-07-29T05:24:45Z,"Where horror films began in Lollywood, where they have gone, and what might keep them from going forward. 
 
 [Read the whole post on screenanarchy.com...]",https://screenanarchy.com/2026/07/echoes-why-is-horror-the-most-untapped-genre-in-lollywood.html
"India's MSMEs make steady digital gains, finds Vi Business MSME Growth Insights Study, 2026",The Times of India,2026-07-29T05:07:59Z,"India's MSMEs are strengthening their digital capabilities as AI, cloud adoption, cybersecurity and financial readiness become central to growth. Insights from Vi Business's ReadyForNext MSME Growth Insights Study 2026 highlight rising digital maturity across…",https://timesofindia.indiatimes.com/business/indias-msmes-make-steady-digital-gains-finds-vi-business-msme-growth-insights-study-2026/articleshow/132683028.cms
West Indies triumph as Pakistan suffer 8th consecutive overseas Test defeat! When did Babar Azam last win a Test abroad?,Cricketnews.com,2026-07-29T04:41:44Z,Pakistan suffered their eighth consecutive away Test defeat in Trinidad against the West Indies. Discover how their historic overseas losing streak unfolded.,https://www.cricketnews.com/en/cricket/news/west-indies-pakistan-overseas-test-defeat-babar-azam-last-win/8703256c9ee3d0bd1a5546e4
"Our FTAs fair & equitable, protect farmers, MSMEs, labour sector: Govt to NDA MPs",The Times of India,2026-07-29T04:27:54Z,"Government ministers defended trade pacts, contrasting them with past agreements. These new deals involve larger economies and aim for balanced growth. Fisheries sector exports have doubled, showing significant economic expansion. New markets are emerging, of…",https://timesofindia.indiatimes.com/india/our-ftas-fair-equitable-protect-farmers-msmes-labour-sector-govt-to-nda-mps/articleshow/132700510.cms
"CWG 2026: Gulveer Singh, Harjinder Kaur silver medals add lustre to campaign",The Times of India,2026-07-29T04:18:43Z,"Gulveer Singh won an unprecedented silver for India in the men’s 10,000m in the early hours of Wednesday. He clocked 27:49.78 to finish just behind Australia’s Ky Robinson. Meanwhile, Harjinder Kaur clinched a sensational silver in the women’s 69kg weightlift…",https://timesofindia.indiatimes.com/sports/commonwealth-games/news/cwg-2026-gulveer-singh-harjinder-kaur-silver-medals-add-lustre-to-campaign/articleshow/132700238.cms
"Ships transiting via Bab el-Mandeb strait at highest in a week, data shows",The Times of India,2026-07-29T04:12:06Z,"Thirty-seven commodity ships passed through the Bab el-Mandeb strait on Tuesday, a notable increase.  Only a few vessels transited the Strait of Hormuz, indicating a shift in shipping routes.  Yemen's Houthis claimed missile attacks on a Saudi oil tanker in t…",https://economictimes.indiatimes.com/news/international/world-news/ships-transiting-via-bab-el-mandeb-strait-at-highest-in-a-week-data-shows/articleshow/132699846.cms
From corn-husk pit to CWG glory: Sarvesh Kushare's journey to historic high jump silver,The Times of India,2026-07-29T04:11:46Z,"Sarvesh Kushare became the first Indian to win a silver medal in the men’s high jump at the Commonwealth Games after clearing 2.25m. Jamaica’s Romaine Beckford also cleared 2.25m but took gold on countback, having sailed over the height on his first attempt. …",https://timesofindia.indiatimes.com/sports/commonwealth-games/news/from-corn-husk-pit-to-cwg-glory-sarvesh-kushares-journey-to-historic-high-jump-silver/articleshow/132700075.cms
"Iran to get Chinese shoulder-launched missile systems in weeks, sources say",BusinessLine,2026-07-29T04:05:48Z,"The contract covers the purchase of between 300 and 400
man-portable air defence systems (MANPADS), including
Chinese-made QW-12 and FN-16 missiles",https://www.thehindubusinessline.com/news/world/iran-to-get-chinese-shoulder-launched-missile-systems-in-weeks-sources-say/article71279674.ece
Teacher-turned-athlete Shilpa KS overcomes odds to win F57 shot put bronze after dramatic review,The Times of India,2026-07-29T04:04:24Z,"Shilpa produced a personalbest throw of 7.26m. She had initially finished fourth, but the Indian contingent successfully protested against Nigerian Eucharia Iyiazi’s 8.19m effort, which had been declared valid. Following a review, officials ruled the throw a …",https://timesofindia.indiatimes.com/sports/commonwealth-games/news/teacher-turned-athlete-shilpa-ks-overcomes-odds-to-win-f57-shot-put-bronze-after-dramatic-review/articleshow/132699876.cms
Amnesty urges probe into Pakistan-administered Kashmir poll violence,The Times of India,2026-07-29T03:38:56Z,Amnesty International urges an investigation into reports of lethal force used by security forces.  These disturbing reports emerge from Rawalakot during regional election day.  The organization also calls for the restoration of communication services and med…,https://economictimes.indiatimes.com/news/international/world-news/amnesty-urges-probe-into-pakistan-administered-kashmir-poll-violence/articleshow/132699454.cms
Bangladesh: Fair Trial Concerns at Tribunal,Human Rights Watch,2026-07-29T03:30:00Z,"Click to expand Image
 



 
 
 

 
 
 
 
 Bangladesh military personnel guard the International Criminal Tribunal in Dhaka, Bangladesh, November 17, 2025.
 © 2025 Mamunur Rashid/NurPhoto via AP Photo
 
 


 
(London) – Bangladesh authorities are failing to u…",https://www.hrw.org/news/2026/07/28/bangladesh-fair-trial-concerns-at-tribunal
Iran to receive Chinese air-defence missiles within weeks: Report,The Times of India,2026-07-29T03:11:55Z,"Iran is expected to receive Chinese-made air-defence missile launchers within weeks.  This purchase aims to bolster Iran's defenses after recent military engagements.  The deal involves hundreds of portable missile systems, including specific Chinese models. …",https://economictimes.indiatimes.com/news/defence/iran-to-receive-chinese-air-defence-missiles-within-weeks-report/articleshow/132698998.cms
"Exclusive-Iran to get Chinese shoulder-launched missile systems in weeks, sources say",Yahoo Entertainment,2026-07-29T03:06:28Z,By John Irish and Jonathan Saul July 29 (Reuters) - Iran is expected to receive within weeks a first shipment out of up to 400 Chinese-made shoulder-fired ai...,https://www.yahoo.com/news/world/articles/exclusive-iran-chinese-shoulder-launched-030628359.html
“He always looks hungover”: Newly released footage of former Cowboys icon Tony Romo reveals what actually happened during the tense roadside encounter,The Times of India,2026-07-29T02:50:18Z,"Newly released bodycam footage has brought fresh attention to former Dallas Cowboys quarterback Tony Romo's Wisconsin traffic stop. The video captures his conversation with officers, his questions during field sobriety testing and the moments leading up to hi…",https://timesofindia.indiatimes.com/sports/nfl/news/he-always-looks-hungover-newly-released-footage-of-former-cowboys-icon-tony-romo-reveals-what-actually-happened-during-the-tense-roadside-encounter/articleshow/132698101.cms
"UGC NET June 2026 answer key: Expected release, challenge process and key dates candidates should know",The Times of India,2026-07-29T02:49:28Z,"The National Testing Agency is expected to release the UGC NET June 2026 provisional answer key shortly after the examination concluded on July 5. Candidates will be able to download the answer key, response sheet and question paper from the official portal a…",https://timesofindia.indiatimes.com/education/news/ugc-net-june-2026-answer-key-expected-release-challenge-process-and-key-dates-candidates-should-know/articleshow/132698405.cms
"Fortnite x Spider-Man Brand New Day revealed: Release date, skins, web shooters, and more",The Times of India,2026-07-29T02:47:11Z,"Get ready, Fortnite fans! The game has just announced a thrilling new collaboration featuring Spider-Man and the Punisher. The official trailer has revealed stunning new skins, including Tom Holland's Spider-Man. Players will also be delighted by the comeback…",https://timesofindia.indiatimes.com/sports/esports/fortnite/fortnite-x-spider-man-brand-new-day-revealed-release-date-skins-web-shooters-and-more/articleshow/132697942.cms
Why constant snacking is ruining your metabolic health,The Times of India,2026-07-29T02:46:37Z,"Health News: We live in a culture that loves to munch. Whether it is a cup of tea paired with biscuits, a bowl of quick-commerce namkeen, or late-night dessert bin.",https://timesofindia.indiatimes.com/health/why-constant-snacking-is-ruining-your-metabolic-health/articleshow/132698290.cms
"CJP protest: DCP ordered RAF to use force, pellets? Delhi cops probe diary entry",The Times of India,2026-07-29T02:33:48Z,Delhi Police is investigating a back-dated general diary entry concerning protester actions. The entry claims a deputy commander used plastic pellets on July twentieth. This incident may mark the first use of pellet guns in Delhi. Senior officials refuted the…,https://timesofindia.indiatimes.com/city/delhi/cjp-protest-dcp-ordered-raf-to-use-force-pellets-delhi-cops-probe-diary-entry/articleshow/132698067.cms
School holidays today: State-wise update as rain closes schools in select districts,The Times of India,2026-07-29T02:31:14Z,"Schools across most parts of India remain open today, July 29, 2026, as Guru Purnima is observed as a restricted holiday rather than a statewide closure. However, district administrations in Nagpur, Bageshwar, Champawat, Garhwal and Visakhapatnam have suspend…",https://timesofindia.indiatimes.com/education/news/school-holidays-today-state-wise-update-as-rain-closes-schools-in-select-districts/articleshow/132697795.cms
"'Suspicious after seeing bride shaving': 25 days after wedding, MP man claims spouse is transgender",The Times of India,2026-07-29T02:27:51Z,A man in Shajapur claims his wife is transgender after twenty-five days of marriage. He filed a complaint against his in-laws for concealing gender identity before the wedding. Repeated excuses to avoid marital relations raised suspicions within the groom's f…,https://timesofindia.indiatimes.com/city/indore/suspicious-after-seeing-bride-shaving-25-days-after-wedding-mp-man-claims-spouse-is-transgender/articleshow/132697774.cms
"Yeh Rishta Kya Kehlata Hai's Shivangi Joshi breaks down, reveals childhood molestation by her 'Mama ji': says 'Mujhe Pakadne Lage…'",The Times of India,2026-07-29T02:17:41Z,Actress Shivangi Joshi shared a painful childhood secret on Lock Upp season two. She revealed experiencing molestation by a man she called her mama ji. Joshi also discussed her family's significant financial difficulties during her youth. She bravely recounte…,https://timesofindia.indiatimes.com/tv/news/hindi/yeh-rishta-kya-kehlata-hais-shivangi-joshi-breaks-down-reveals-childhood-molestation-by-her-mama-ji-says-mujhe-pakadne-lage/articleshow/132697692.cms
India questions delay as UN Security Council reform talks enter 18th year,The Times of India,2026-07-29T01:51:44Z,UN Security Council reform talks have stalled after seventeen rounds of discussions. India's envoy expressed disappointment over the lack of concrete progress and delays.  The negotiations will continue into the next UN General Assembly session.  India advoca…,https://economictimes.indiatimes.com/news/india/india-questions-delay-as-un-security-council-reform-talks-enter-18th-year/articleshow/132697530.cms
China's singing sailors could be latest weapon in fight for South China Sea,ABC News (AU),2026-07-29T01:20:45Z,China's state media releases an English version of a love ballad about lovesick sailors in the South China Sea.,https://www.abc.net.au/news/2026-07-29/beijing-releases-south-china-sea-propaganda-love-song/106963804
"India slams POK elections, Pakistan's claims over Indus Valley legacy",The Times of India,2026-07-29T01:19:49Z,India has condemned Pakistan's legislative assembly elections in Pakistan-occupied Kashmir. The Ministry of External Affairs called the polls a cosmetic exercise to hide illegal occupation. India reiterated its firm stance that the entire Union Territories of…,https://timesofindia.indiatimes.com/india/india-slams-pok-elections-pakistans-claims-over-indus-valley-legacy/articleshow/132697250.cms
Yemen’s Houthis claim missile attack on Saudi Arabia oil tanker - Al Jazeera,Slashdot.org,2026-07-29T00:33:00Z,"Yemen’s Houthis claim missile attack on Saudi Arabia oil tankerAl Jazeera China in touch with Yemen's Houthis to allow ships to sail through Red Sea, sources sayReuters How the Iran-Backed Houthis Cornered Saudi Arabia Into a New ConflictThe New York Times A …",https://slashdot.org/firehose.pl?op=view&amp;id=184742492
"Quick hits: Record beaten five times in 10 minutes, pool haka thrills",ABC News (AU),2026-07-29T00:16:57Z,"New Zealand swimmers pay tribute to a victorious teammate, a lawn bowler fits in some work shifts and a weightlifting record falls a staggering five times. Here are the quick hits from day five of the Commonwealth Games.",https://www.abc.net.au/news/2026-07-29/commonwealth-games-glasgow-day-five-quick-hits/106965336
Polio will come roaring back if the task of eradicating it isn’t finished soon,Nature.com,2026-07-29T00:00:00Z,Eliminating polio is within reach — if countries see it as an essential public-health priority.,https://www.nature.com/articles/d41586-026-02308-8
Papers with open peer-review reports are less likely to be retracted,Nature.com,2026-07-29T00:00:00Z,"Researchers say that transparent publishing practices could be associated with research quality, but more evidence is needed.",https://www.nature.com/articles/d41586-026-02282-1
"Nigerian government and renovation of palaces, worship centres",The Punch,2026-07-28T23:38:55Z,"Nigeria’s N30bn budget for renovating palaces, churches, and mosques sparks outrage amid economic hardship. Discover why this government spending is critic

Read More: https://punchng.com/nigerian-government-and-renovation-of-palaces-worship-centres/",https://punchng.com/nigerian-government-and-renovation-of-palaces-worship-centres/
Houthis Claim Strike on Another Saudi Oil Tanker - The New York Times,Slashdot.org,2026-07-28T22:53:01Z,"Houthis Claim Strike on Another Saudi Oil TankerThe New York Times China in touch with Yemen's Houthis to allow ships to sail through Red Sea, sources sayReuters Why a new war in Yemen could be different for the HouthisAl Jazeera Yemen's Houthis say they fire…",https://slashdot.org/firehose.pl?op=view&amp;id=184741536
Trump Answers Blunt Fox News Tariff Question — Then Veers Into Nuclear War Claims,HuffPost,2026-07-28T22:50:28Z,Brian Kilmeade pressed Trump on his new round of tariffs. The answer went somewhere else entirely.,https://www.huffpost.com/entry/trump-fox-news-tariffs-nuclear-war_n_6a68fa23e4b098352c2fa452
Leaked Pakistani Intelligence Document: US Troop Build Up Enables Sudden Invasion Capability in Southern Iran,Freerepublic.com,2026-07-28T22:10:06Z,A leaked intelligence document from Pakistan central intelligence indicates that expanding United States troop concentrations near the Persian Gulf provide capabilities for a sudden limited invasion of southern Iran. A leaked intelligence document originating…,https://freerepublic.com/focus/f-news/4389711/posts
West Indies beat Pakistan & dedicate win to Sobers,BBC News,2026-07-28T22:04:56Z,Jayden Seales takes 5-20 in second innings as West Indies' pace attack ruthlessly blow away Pakistan to secure a 90-run victory just after tea on day four of the first Test.,https://www.bbc.com/sport/cricket/articles/cvg09e84z8do?xtor=AL-72-%5Bpartner%5D-%5Byahoo.north.america%5D-%5Bheadline%5D-%5Bsport%5D-%5Bbizdev%5D-%5Bisapi%5D
West Indies beat Pakistan & dedicate win to Sobers,BBC News,2026-07-28T21:59:17Z,Jayden Seales takes 5-20 in second innings as West Indies' pace attack ruthlessly blow away Pakistan to secure a 90-run victory just after tea on day four of the first Test.,https://www.bbc.co.uk/sport/cricket/articles/cvg09e84z8do
Jura Announces Amendment to the Loan Agreement,Financial Post,2026-07-28T21:35:40Z,"CALGARY, Alberta, July 28, 2026 (GLOBE NEWSWIRE) — Jura Energy Corporation (“Jura” or the “Company”) announced today that it has entered into a second amendment (the “Amendment”) to its loan agreement (the “Loan Agreement”) with IDL Investments Limited (“IDL”…",https://financialpost.com/globe-newswire/jura-announces-amendment-to-the-loan-agreement-2
Jura Announces Amendment to the Loan Agreement,GlobeNewswire,2026-07-28T21:33:00Z,"CALGARY, Alberta, July 28, 2026 (GLOBE NEWSWIRE) -- Jura Energy Corporation (“Jura” or the “Company”) announced today that it has entered into a second amendment (the “Amendment”) to its loan agreement (the “Loan Agreement”) with IDL Investments Limited (“IDL…",https://www.globenewswire.com/news-release/2026/07/28/3334851/0/en/Jura-Announces-Amendment-to-the-Loan-Agreement.html
"China in touch with Yemen's Houthis to allow ships to sail through Red Sea, sources say - Reuters",Slashdot.org,2026-07-28T21:32:36Z,"China in touch with Yemen's Houthis to allow ships to sail through Red Sea, sources sayReuters Houthis Claim Strike on Another Saudi Oil TankerThe New York Times Why a new war in Yemen could be different for the HouthisAl Jazeera Will Pakistan intervene amid …",https://slashdot.org/firehose.pl?op=view&amp;id=184740648
Monthly Cotton Economic Newsletter: July 2026,WWD,2026-07-28T21:00:00Z,"Most cotton benchmarks rose over the past month, although gains varied across markets.",http://wwd.com/sourcing-journal/industry-news/monthly-cotton-incorporated-economic-newsletter-prices-production-1239085584/
"DJT: My Illegal Tariffs Saved The World, You're Welcome",Crooksandliars.com,2026-07-28T20:28:44Z,"During a lengthy interview this morning on Fox and Friends, Trump rambled like a man that just escaped from a lunatic asylum, especially when he renewed his demented obsession with his illegal tariffs. 
Host Brain Kilmeade understands how tariffs have closed …",https://crooksandliars.com/2026/07/trump-brain-malfunctions-claims-his
Erdogan And Sunni Pact Vying To Displace Iran In Mideast Power Role,Forbes,2026-07-28T19:37:09Z,"Iran regional power will diminish from economic battering.  Sunni states aim to fill the vacuum with Turkey at center alongside Egypt, Saudi, Pakistan and Israel opposed",https://www.forbes.com/sites/melikkaylan/2026/07/28/erdogan-and-sunni-pact-vying-to-displace-iran-in-mideast-power-role/
pypsx-toolkit 3.0.1,Pypi.org,2026-07-28T19:28:55Z,Pakistan Stock Exchange (PSX) data library with yfinance-like API,https://pypi.org/project/pypsx-toolkit/3.0.1/
"PoK violence: 20 dead in clashes over rigged elections, JAAC says",The Times of India,2026-07-28T18:56:44Z,Violence has escalated in Pakistan-occupied Kashmir with clashes reported between protesters and authorities.  Activists are protesting against alleged rigged elections and undue interference from Islamabad.  The Joint Awami Action Committee claims at least t…,https://economictimes.indiatimes.com/news/defence/pakistan-occupied-kashmir-violence-20-dead-in-clashes-over-rigged-elections-jaac-says/articleshow/132693381.cms
"No Pakistani Kashmir, only Pakistan-occupied Kashmir: Indian Embassy in US",The Times of India,2026-07-29T17:01:09Z,The Indian Embassy in the US stated there is no Pakistani Kashmir.  It corrected a New York Times headline calling it Pakistan-occupied Kashmir.  The embassy affirmed Jammu and Kashmir and Ladakh are integral parts of India.  Pakistan has illegally occupied p…,https://economictimes.indiatimes.com/news/india/no-pakistani-kashmir-only-pakistan-occupied-kashmir-indian-embassy-in-us/articleshow/132717480.cms
